grid_id,n_claims,total_paid,total_bldg_val,event_name,year,event_num,no_bldAll_flooded,areaSqKm_developed,areaSqKm_total,grid_lat,grid_lon,county,n_buildings,mean_elevation,median_elevation,mean_found_ht,mean_bldg_value,median_bldg_value,total_bldg_value,mean_sqft,mean_age,res_ratio,pct_miss_elev,pct_miss_value,area_sqkm,bldg_density,value_outlier,loss_ratio,log_total_paid,flood_ratio,mean_hag,pct_elevated
34.4_-79.0,38,1346442.21,4915906.0,Hurricane Florence,2018,1,29952.0,119.1564,2812.0536,34.4,-79.0,Robeson,328.0,104.54013932926829,94.985,2.251432682926829,85937.27329192546,42727.5,27671802.0,1650.1149068322982,29.675078864353313,0.9664634146341464,0.0,0.0182926829268292,123.21000000000004,2.6621215810404992,False,0.2738950276917418,14.112977014332476,0.3694691015042688,3.5997,1.0
34.4_-79.1,3,97282.08,397120.0,Hurricane Florence,2018,1,29952.0,119.1564,2812.0536,34.4,-79.10000000000001,Robeson,2048.0,116.69210805664062,116.6894,2.3972269140625,132720.7177734375,73097.0,271812030.0,2089.14453125,38.77009803921569,0.9619140625,0.0,0.0,123.21000000000004,16.622027432838237,False,0.2449689766317486,11.485380357883,0.1452116314958991,3.6441,1.0
34.4_-79.2,1,24763.36,406463.0,Hurricane Florence,2018,1,29952.0,119.1564,2812.0536,34.4,-79.2,Robeson,2790.0,117.24103028673836,117.87835,2.385534301075269,166815.8340501792,81987.5,465416177.0,2668.4372759856633,35.133883704235465,0.943010752688172,0.0,0.0,123.21000000000004,22.644265887509125,False,0.060924020144515,10.117160801764925,0.0785345552042898,3.4353,1.0
34.5_-79.0,335,13768213.2,71243778.0,Hurricane Florence,2018,1,29952.0,119.1564,2812.0536,34.5,-79.0,Robeson,2906.0,117.869441431521,116.93055,2.399989236063317,135171.56743704726,35338.0,391862374.0,1925.3932390479476,26.126648160999306,0.9786648313833448,0.0,0.0024088093599449,123.21000000000004,23.58574791007223,False,0.1932549562433367,16.437873174567713,0.2083220039426279,3.3161,0.9967
34.5_-79.1,42,1562920.56,27736195.0,Hurricane Florence,2018,1,29952.0,119.1564,2812.0536,34.5,-79.10000000000001,Robeson,3031.0,127.79862857142857,127.3324,2.3714633916199275,131343.14955430836,46329.0,397838400.0,2146.092769891053,28.760357971494862,0.975915539425932,0.0,0.0006598482349059,123.21000000000004,24.600275951627296,False,0.0563494942258662,14.26206742260365,0.1009755058572949,3.6506,0.9997
34.5_-79.2,22,284005.28,2982485.0,Hurricane Florence,2018,1,29952.0,119.1564,2812.0536,34.5,-79.2,Robeson,2034.0,135.02952925270404,138.2897,2.3948463077679447,166836.43215339232,78226.0,339345303.0,2618.4670599803344,37.27407407407407,0.943952802359882,0.0,0.0,123.21000000000004,16.50840029218407,False,0.0952243783288097,12.55675162957492,0.0943270812206532,3.6204,0.9995
34.5_-79.3,2,11199.4,447030.0,Hurricane Florence,2018,1,29952.0,119.1564,2812.0536,34.5,-79.30000000000001,Robeson,1887.0,141.33857880233174,143.96,2.396263577106518,154278.64952279956,93089.5,290969533.0,2430.503711558855,38.569131832797424,0.9273979862215156,0.0,0.0005299417064122,123.21000000000004,15.315315315315312,False,0.0250529047267521,9.32370477093116,0.0548345879708739,3.4116,0.9992
34.7_-79.0,150,7023937.23,36497944.0,Hurricane Florence,2018,1,29952.0,119.1564,2812.0536,34.7,-79.0,Robeson,2085.0,152.4402762589928,153.9116,2.3926593525179856,127076.85590778098,64859.5,264574014.0,2088.260806916426,27.8,0.9645083932853716,0.0,0.0014388489208633,123.21000000000004,16.922327733138538,False,0.1924474767674584,15.764834620124024,0.0468017130038746,3.3389,0.9987
34.7_-79.1,11,510490.72,1861015.0,Hurricane Florence,2018,1,29952.0,119.1564,2812.0536,34.7,-79.10000000000001,Robeson,2561.0,162.48012830925418,161.6401,2.3868150566185085,109705.39359625148,36309.0,280955513.0,1977.3545490042952,27.504720692368213,0.9590003904724717,0.0,0.0,123.21000000000004,20.78565051538024,False,0.2743076869342805,13.14312969706257,0.0731880341880341,3.3782,0.9996
34.7_-79.2,42,1447947.74,7183302.0,Hurricane Florence,2018,1,29952.0,119.1564,2812.0536,34.7,-79.2,Robeson,3396.0,176.86302520612486,176.62605,2.393915535924618,131107.38309776207,59747.0,445240673.0,2158.270023557126,29.95077565632458,0.9687868080094229,0.0,0.0,123.21000000000004,27.562697832968095,False,0.2015713302879372,14.1856584507487,0.1057094017094017,3.1975,0.9972
34.7_-79.3,26,685176.61,2969255.0,Hurricane Florence,2018,1,29952.0,119.1564,2812.0536,34.7,-79.30000000000001,Robeson,3096.0,189.37419922480623,189.3046,2.385475019379845,113427.44893341952,56423.5,350944527.0,2018.268907563025,30.870734908136484,0.9760981912144704,0.0,0.0006459948320413,123.21000000000004,25.12783053323593,False,0.2307570787958595,13.437433368307437,0.0907435897435897,3.221,0.9924
34.8_-79.0,2,6813.57,211305.0,Hurricane Florence,2018,1,29952.0,119.1564,2812.0536,34.800000000000004,-79.0,Robeson,3948.0,164.3960005065856,164.51455,2.396573323201621,174653.3988336714,85639.5,688833005.0,2654.082910750507,29.909739928607852,0.9678318135764944,0.0,0.0010131712259371,123.21000000000004,32.042853664475274,False,0.0322451906012635,8.826818246028472,0.0067512274959083,3.4196,0.9991
35.0_-77.7,2,88766.75,178054.0,Hurricane Florence,2018,1,29952.0,119.1564,2812.0536,35.0,-77.7,Lenoir,925.0,112.3501117837838,113.6401,2.401265372972973,66555.27620087336,34115.0,60964633.0,1700.8176855895197,40.046306504961414,0.8745945945945945,0.0,0.0097297297297297,123.21000000000004,7.507507507507506,False,0.4985383647657452,11.393778687340328,0.0582849078532292,3.7665,1.0
35.2_-76.7,28,396990.12,4690215.0,Hurricane Florence,2018,1,29952.0,119.1564,2812.0536,35.2,-76.7,Beaufort,89.0,4.686680898876404,4.9836,2.361212359550562,111209.14942528737,51225.0,9675196.0,2129.4827586206898,9.517241379310343,0.9775280898876404,0.0,0.0224719101123595,123.21000000000004,0.7223439655872086,False,0.084642200837275,12.89166919166098,0.0506996935189595,3.4472,1.0
35.2_-76.8,10,92248.89,749607.0,Hurricane Florence,2018,1,29952.0,119.1564,2812.0536,35.2,-76.80000000000001,Beaufort,451.0,8.00691485587583,8.5001,2.383531707317073,183913.3317535545,27967.0,77611426.0,1747.5,9.54739336492891,0.9645232815964524,0.0,0.0643015521064301,123.21000000000004,3.6604171739306866,False,0.1230630050146276,11.43225636949014,0.0013750542246085,3.3014,1.0
35.2_-77.5,21,703621.49,3871222.0,Hurricane Florence,2018,1,29952.0,119.1564,2812.0536,35.2,-77.5,Lenoir,417.0,40.46213261390887,41.5865,2.33615417266187,64298.59375,30220.0,26748215.0,1747.6225961538462,44.32512315270936,0.9592326139088728,0.0,0.0023980815347721,123.21000000000004,3.3844655466277076,False,0.1817569465145631,13.463997255518892,0.0794273744173145,3.5401,0.9989
35.2_-77.6,92,6247726.28,53596221.0,Hurricane Florence,2018,1,29952.0,119.1564,2812.0536,35.2,-77.60000000000001,Lenoir,9133.0,58.4259503339538,58.9891,2.321854201248221,209963.4498027181,41558.5,1915706516.0,2926.780688294607,47.74004400440044,0.937588963100843,0.0,0.0009854374247235,123.21000000000004,74.12547682817952,False,0.1165702761021154,15.647728320381272,0.1219770153231179,3.5992,0.9942
35.2_-77.7,6,91489.83,1243134.0,Hurricane Florence,2018,1,29952.0,119.1564,2812.0536,35.2,-77.7,Lenoir,6722.0,74.85900531091937,80.3674,2.3698571823861942,179777.86992840096,65490.0,1205230840.0,3619.206443914082,34.118983152827916,0.9413864921154418,0.0,0.0026777744718833,123.21000000000004,54.55725996266535,False,0.0735961127279923,11.42399402766216,0.161342438374417,3.6724,0.9992
35.2_-77.8,11,214046.9,1353414.0,Hurricane Florence,2018,1,29952.0,119.1564,2812.0536,35.2,-77.80000000000001,Lenoir,2233.0,78.2304775638155,82.5002,2.3755544961934616,192752.37078651684,41535.0,428874025.0,1927.5177528089887,32.63628034814475,0.948499776085983,0.0,0.0035826242722794,123.21000000000004,18.12352893433974,False,0.1581533071181471,12.273955100733096,0.1755746169220519,3.8339,0.9965
35.2_-78.0,24,531184.21,3107239.0,Hurricane Florence,2018,1,29952.0,119.1564,2812.0536,35.2,-78.0,Wayne,4200.0,143.66165402380952,158.0115,2.3973438595238097,64079.99552105106,23215.0,214603905.0,1838.9038518960883,36.98557692307692,0.9411904761904762,0.0,0.2026190476190476,123.21000000000004,34.088142196250296,False,0.1709505480589037,13.182866034136266,0.0947941533693512,3.5884,1.0
35.2_-78.1,14,1137502.92,2948562.0,Hurricane Florence,2018,1,29952.0,119.1564,2812.0536,35.2,-78.10000000000001,Wayne,7332.0,166.38124624931808,166.4448,2.4002565630114563,85328.7688307331,33063.0,508644791.0,3017.7049152826708,42.85890087660148,0.9614020731042008,0.0,0.1869885433715221,123.21000000000004,59.508156805454085,False,0.3857822626758399,13.944346875955151,0.0342503739307261,3.595,1.0
35.3_-76.6,52,586474.19,9146359.0,Hurricane Florence,2018,1,29952.0,119.1564,2812.0536,35.300000000000004,-76.60000000000001,Beaufort,53.0,6.3251622641509435,4.0691,2.380303773584906,72776.98076923077,44083.0,3784403.0,1511.326923076923,9.057692307692308,0.981132075471698,0.0,0.0188679245283018,123.21000000000004,0.430159889619349,False,0.0641210551652302,13.28188564439064,0.0504634157701085,3.203,1.0
35.3_-76.7,63,980012.44,9585902.0,Hurricane Florence,2018,1,29952.0,119.1564,2812.0536,35.300000000000004,-76.7,Beaufort,482.0,4.002392531120332,3.83345,2.381682572614108,52057.79609544468,30512.0,23998644.0,1538.479392624729,10.663774403470716,0.9896265560165975,0.0,0.0435684647302904,123.21000000000004,3.9120201282363434,False,0.102234765179114,13.79532156483843,0.0314710905098804,3.4528,1.0
35.3_-76.8,54,1070655.54,9032207.0,Hurricane Florence,2018,1,29952.0,119.1564,2812.0536,35.300000000000004,-76.80000000000001,Beaufort,818.0,7.700108312958435,7.556649999999999,2.37438826405868,79860.23691099476,26958.0,61013221.0,3807.1832460732985,10.557591623036648,0.910757946210269,0.0,0.0660146699266503,123.21000000000004,6.639071503936367,False,0.1185375335175555,13.883782607054505,0.0226723225578854,3.4384,1.0
35.3_-77.0,16,123325.67,3126167.0,Hurricane Florence,2018,1,29952.0,119.1564,2812.0536,35.300000000000004,-77.0,Beaufort,440.0,30.87710886363637,32.2782,2.4000034090909086,52933.54587155963,26641.0,23079026.0,2166.2522935779816,12.279816513761467,0.975,0.0,0.009090909090909,123.21000000000004,3.57113870627384,False,0.039449482385298,11.72259196746576,0.0,3.4472,1.0
35.3_-77.5,7,63972.68,837942.0,Hurricane Florence,2018,1,29952.0,119.1564,2812.0536,35.300000000000004,-77.5,Lenoir,1603.0,35.16349825327511,33.8261,2.308644878353088,58720.58819836786,33190.0,93541897.0,3903.7940991839296,33.683161953727506,0.9594510293200248,0.0,0.0062383031815346,123.21000000000004,13.010307604902197,False,0.0763449976251339,11.066227027755335,0.028472706734443,3.6577,0.9978
35.3_-77.8,1,8992.21,118659.0,Hurricane Florence,2018,1,29952.0,119.1564,2812.0536,35.300000000000004,-77.80000000000001,Lenoir,3044.0,103.64423140604468,104.6998,2.397929464520368,75903.22097994082,36569.0,230821695.0,1954.4801052285432,31.671305500331343,0.9319973718791064,0.0,0.0009855453350854,123.21000000000004,24.705786867949023,False,0.0757819465864367,9.10422512713748,0.0814619883040935,3.6235,1.0
35.3_-78.0,85,2076274.03,45571378.0,Hurricane Florence,2018,1,29952.0,119.1564,2812.0536,35.300000000000004,-78.0,Wayne,19183.0,108.15972315591932,110.286,2.374328006047021,188014.373758559,65918.0,3047901013.0,3733.365060761212,48.13562375745527,0.9383829432309858,0.0,0.1549288432466246,123.21000000000004,155.693531369207,False,0.0455609226914314,14.546085995225296,0.0956002218375544,3.9767,0.997
35.3_-78.1,4,150187.74,398047.0,Hurricane Florence,2018,1,29952.0,119.1564,2812.0536,35.300000000000004,-78.10000000000001,Wayne,8618.0,122.15275300533769,119.0896,2.3352109352517982,135398.87072997875,37060.0,955239033.0,3095.2269312544295,38.47515306848925,0.9556741703411464,0.0,0.1813645857507542,123.21000000000004,69.94562129697263,False,0.3773115737588777,11.919648048790975,0.0097726165067307,3.9672,1.0
35.4_-76.6,210,4013288.09,37724889.0,Hurricane Florence,2018,1,29952.0,119.1564,2812.0536,35.4,-76.60000000000001,Beaufort,91.0,3.0146582417582413,2.9356,2.3746615384615386,80406.74157303371,53886.0,7156200.0,2009.4719101123596,9.752808988764045,0.978021978021978,0.0,0.0219780219780219,123.21000000000004,0.7385764142520898,False,0.1063830324325142,15.205121685029695,0.0226474033580632,3.4283,1.0
35.4_-76.7,55,1122038.86,10936361.0,Hurricane Florence,2018,1,29952.0,119.1564,2812.0536,35.4,-76.7,Beaufort,1147.0,5.735229293809939,5.6439,2.363406887532694,66952.36756756756,41365.5,74317128.0,1806.744144144144,10.486486486486486,0.979075850043592,0.0,0.032258064516129,123.21000000000004,9.309309309309306,False,0.1025970942254009,13.930658890280451,0.0443397284864804,3.578,0.9987
35.4_-76.8,6,47302.64,1642639.0,Hurricane Florence,2018,1,29952.0,119.1564,2812.0536,35.4,-76.80000000000001,Beaufort,875.0,8.831337942857143,8.6925,2.356228342857143,75712.7327790974,50688.0,63750121.0,1946.0653206650832,9.805225653206652,0.968,0.0,0.0377142857142857,123.21000000000004,7.101696290885478,False,0.0287967350099443,10.76434252712163,0.047411893490283,3.8607,1.0
35.4_-77.0,443,9949001.29,82103113.0,Hurricane Florence,2018,1,29952.0,119.1564,2812.0536,35.4,-77.0,Beaufort,1640.0,15.119147987804878,10.731000000000002,2.373973536585366,111025.57685009488,93108.0,175531437.0,2339.954430379747,9.776723592662872,0.9810975609756096,0.0,0.0359756097560975,123.21000000000004,13.310607905202495,False,0.1211769070193477,16.112982831745356,0.0076480013858213,4.3088,1.0
35.4_-77.1,60,1680942.88,17651799.0,Hurricane Florence,2018,1,29952.0,119.1564,2812.0536,35.4,-77.10000000000001,Beaufort,1327.0,31.685237226827432,32.0049,2.3880018839487565,158639.60652009098,60262.0,209245641.0,2984.054586808188,10.206974981046248,0.958553127354936,0.0,0.0060286360211002,123.21000000000004,10.770229689148604,False,0.0952278507136864,14.334866026943518,0.0,3.4604,1.0
35.4_-78.0,2,13909.759999999998,620818.0,Hurricane Florence,2018,1,29952.0,119.1564,2812.0536,35.4,-78.0,Wayne,8527.0,126.91812187170166,127.4904,2.3893197502052304,123859.32457893234,59958.0,867758428.0,3376.3588352840425,38.00459395376408,0.957898440248622,0.0,0.1783745748797936,123.21000000000004,69.20704488272054,False,0.022405535921961,9.540417920376775,0.0429726232290808,3.8051,0.9958
35.5_-76.5,4,60110.35,615094.0,Hurricane Florence,2018,1,29952.0,119.1564,2812.0536,35.5,-76.5,Beaufort,49.0,3.0514102040816327,2.8291,2.371479591836734,87156.14893617021,76834.0,4096339.0,1777.5531914893618,10.063829787234043,1.0,0.0,0.0408163265306122,123.21000000000004,0.3976949922895867,False,0.09772546960302,11.003953954606498,0.0093419566779591,3.507,1.0
35.5_-76.6,14,66055.02,3706164.0,Hurricane Florence,2018,1,29952.0,119.1564,2812.0536,35.5,-76.60000000000001,Beaufort,294.0,6.439303401360544,6.8446,2.3603187074829934,57939.93525179856,21869.0,16107302.0,1336.4928057553957,7.816546762589928,0.9591836734693876,0.0,0.0544217687074829,123.21000000000004,2.3861699537375207,False,0.01782301592698,11.098258448870624,0.0762293247964751,3.4958,1.0
35.5_-76.7,6,87241.97,555142.0,Hurricane Florence,2018,1,29952.0,119.1564,2812.0536,35.5,-76.7,Beaufort,2042.0,5.110162830558276,4.1800999999999995,2.3598378060724783,109865.1436605317,40580.0,214896221.0,2204.1728016359916,10.40235173824131,0.9378060724779628,0.0,0.0421155729676787,123.21000000000004,16.573330086843594,False,0.1571525303435877,11.376452263752586,0.0677406575993661,3.4564,1.0
35.5_-76.8,1,4858.07,242704.0,Hurricane Florence,2018,1,29952.0,119.1564,2812.0536,35.5,-76.80000000000001,Beaufort,614.0,10.865662540716611,11.05585,2.3948934853420196,106074.245819398,33413.5,63432399.0,2389.774247491639,10.807692307692308,0.9527687296416938,0.0,0.0260586319218241,123.21000000000004,4.983361740118496,False,0.0200164397784956,8.488602340558565,0.0143878102559262,3.9345,1.0
35.5_-77.0,18,459860.1,2976221.0,Hurricane Florence,2018,1,29952.0,119.1564,2812.0536,35.5,-77.0,Beaufort,2357.0,26.98558413237166,30.4012,2.39552706830717,93460.66352739726,36445.0,218324110.0,2223.652397260274,10.847174657534246,0.9745439117522274,0.0,0.0089096308867204,123.21000000000004,19.12994075156237,False,0.15451140893099,13.038679766345489,0.0316404035823602,3.9165,0.9979
35.5_-77.1,9,129385.55,19709679.0,Hurricane Florence,2018,1,29952.0,119.1564,2812.0536,35.5,-77.10000000000001,Beaufort,7901.0,15.709383483100872,11.286,2.3712238957106697,149120.64549180327,70563.5,1164334000.0,3951.7631915983607,9.958886454440004,0.9374762688267309,0.0,0.0117706619415263,123.21000000000004,64.12628845061276,False,0.0065645691134797,11.770559714379282,0.0410498850396548,3.843,1.0
35.5_-78.0,1,13715.4,214538.0,Hurricane Florence,2018,1,29952.0,119.1564,2812.0536,35.5,-78.0,Wayne,3684.0,135.292178257329,137.7529,2.400184362106406,61201.72377158034,29145.0,184339592.0,2240.366533864542,56.232945091514146,0.9565689467969598,0.0,0.1824104234527687,123.21000000000004,29.900170440710973,False,0.0639299331586945,9.526347476178866,1.6805875334016773e-05,3.7726,1.0
34.4_-79.0,24,971923.42,3307982.0,Hurricane Matthew,2016,5,14177.0,69.5457,1775.5416,34.4,-79.0,Robeson,328.0,104.54013932926829,94.985,2.251432682926829,85937.27329192546,42727.5,27671802.0,1650.1149068322982,29.675078864353313,0.9664634146341464,0.0,0.0182926829268292,123.21000000000004,2.6621215810404992,False,0.2938115805950577,13.787033323217685,0.4397360753489632,3.5997,1.0
34.4_-79.1,2,4842.78,187380.0,Hurricane Matthew,2016,5,14177.0,69.5457,1775.5416,34.4,-79.10000000000001,Robeson,2048.0,116.69210805664062,116.6894,2.3972269140625,132720.7177734375,73097.0,271812030.0,2089.14453125,38.77009803921569,0.9619140625,0.0,0.0,123.21000000000004,16.622027432838237,False,0.0258447006083893,8.485450686630864,0.2033691109916595,3.6441,1.0
34.4_-79.2,1,224579.58,474569.0,Hurricane Matthew,2016,5,14177.0,69.5457,1775.5416,34.4,-79.2,Robeson,2790.0,117.24103028673836,117.87835,2.385534301075269,166815.8340501792,81987.5,465416177.0,2668.4372759856633,35.133883704235465,0.943010752688172,0.0,0.0,123.21000000000004,22.644265887509125,False,0.4732285083939321,12.321989852721824,0.0651686742166553,3.4353,1.0
34.5_-79.0,175,10830952.17,40546577.0,Hurricane Matthew,2016,5,14177.0,69.5457,1775.5416,34.5,-79.0,Robeson,2906.0,117.869441431521,116.93055,2.399989236063317,135171.56743704726,35338.0,391862374.0,1925.3932390479476,26.126648160999306,0.9786648313833448,0.0,0.0024088093599449,123.21000000000004,23.58574791007223,False,0.2671237123173184,16.197918627108038,0.1715213105839168,3.3161,0.9967
34.5_-79.1,15,704727.87,3010479.0,Hurricane Matthew,2016,5,14177.0,69.5457,1775.5416,34.5,-79.10000000000001,Robeson,3031.0,127.79862857142857,127.3324,2.3714633916199275,131343.14955430836,46329.0,397838400.0,2146.092769891053,28.760357971494862,0.975915539425932,0.0,0.0006598482349059,123.21000000000004,24.600275951627296,False,0.2340916080132098,13.465568426263667,0.0901384451544196,3.6506,0.9997
34.5_-79.2,16,152502.12,1751014.0,Hurricane Matthew,2016,5,14177.0,69.5457,1775.5416,34.5,-79.2,Robeson,2034.0,135.02952925270404,138.2897,2.3948463077679447,166836.43215339232,78226.0,339345303.0,2618.4670599803344,37.27407407407407,0.943952802359882,0.0,0.0,123.21000000000004,16.50840029218407,False,0.0870936040488539,11.934940333836714,0.1038629023323987,3.6204,0.9995
34.7_-79.0,108,4532277.43,20160458.0,Hurricane Matthew,2016,5,14177.0,69.5457,1775.5416,34.7,-79.0,Robeson,2085.0,152.4402762589928,153.9116,2.3926593525179856,127076.85590778098,64859.5,264574014.0,2088.260806916426,27.8,0.9645083932853716,0.0,0.0014388489208633,123.21000000000004,16.922327733138538,False,0.2248102414141583,15.32673533569479,0.0509737611311263,3.3389,0.9987
34.7_-79.1,6,248469.04,847066.0,Hurricane Matthew,2016,5,14177.0,69.5457,1775.5416,34.7,-79.10000000000001,Robeson,2561.0,162.48012830925418,161.6401,2.3868150566185085,109705.39359625148,36309.0,280955513.0,1977.3545490042952,27.504720692368213,0.9590003904724717,0.0,0.0,123.21000000000004,20.78565051538024,False,0.2933290204069104,12.42307755387019,0.1621794871794872,3.3782,0.9996
34.7_-79.2,17,421814.06,2997966.0,Hurricane Matthew,2016,5,14177.0,69.5457,1775.5416,34.7,-79.2,Robeson,3396.0,176.86302520612486,176.62605,2.393915535924618,131107.38309776207,59747.0,445240673.0,2158.270023557126,29.95077565632458,0.9687868080094229,0.0,0.0,123.21000000000004,27.562697832968095,False,0.1407000813218028,12.952322250514612,0.0661025641025641,3.1975,0.9972
34.7_-79.3,13,182923.49,2349444.0,Hurricane Matthew,2016,5,14177.0,69.5457,1775.5416,34.7,-79.30000000000001,Robeson,3096.0,189.37419922480623,189.3046,2.385475019379845,113427.44893341952,56423.5,350944527.0,2018.268907563025,30.870734908136484,0.9760981912144704,0.0,0.0006459948320413,123.21000000000004,25.12783053323593,False,0.0778582038984542,12.116828723720465,0.070068376068376,3.221,0.9924
34.8_-79.0,1,13715.87,121915.0,Hurricane Matthew,2016,5,14177.0,69.5457,1775.5416,34.800000000000004,-79.0,Robeson,3948.0,164.3960005065856,164.51455,2.396573323201621,174653.3988336714,85639.5,688833005.0,2654.082910750507,29.909739928607852,0.9678318135764944,0.0,0.0010131712259371,123.21000000000004,32.042853664475274,False,0.1125035475536234,9.526381741142544,0.0927356110201854,3.4196,0.9991
35.2_-77.5,49,2080938.48,7952661.0,Hurricane Matthew,2016,5,14177.0,69.5457,1775.5416,35.2,-77.5,Lenoir,417.0,40.46213261390887,41.5865,2.33615417266187,64298.59375,30220.0,26748215.0,1747.6225961538462,44.32512315270936,0.9592326139088728,0.0,0.0023980815347721,123.21000000000004,3.3844655466277076,False,0.2616656839767217,14.548330022780844,0.0203267178353494,3.5401,0.9989
35.2_-77.6,165,17178659.93,78007961.0,Hurricane Matthew,2016,5,14177.0,69.5457,1775.5416,35.2,-77.60000000000001,Lenoir,9133.0,58.4259503339538,58.9891,2.321854201248221,209963.4498027181,41558.5,1915706516.0,2926.780688294607,47.74004400440044,0.937588963100843,0.0,0.0009854374247235,123.21000000000004,74.12547682817952,False,0.2202167536464643,16.659178527943627,0.1300216522318454,3.5992,0.9942
35.2_-77.7,9,240680.85,1613334.0,Hurricane Matthew,2016,5,14177.0,69.5457,1775.5416,35.2,-77.7,Lenoir,6722.0,74.85900531091937,80.3674,2.3698571823861942,179777.86992840096,65490.0,1205230840.0,3619.206443914082,34.118983152827916,0.9413864921154418,0.0,0.0026777744718833,123.21000000000004,54.55725996266535,False,0.1491822833957506,12.391231215859507,0.1719770153231179,3.6724,0.9992
35.2_-77.8,37,2092465.14,5419433.0,Hurricane Matthew,2016,5,14177.0,69.5457,1775.5416,35.2,-77.80000000000001,Lenoir,2233.0,78.2304775638155,82.5002,2.3755544961934616,192752.37078651684,41535.0,428874025.0,1927.5177528089887,32.63628034814475,0.948499776085983,0.0,0.0035826242722794,123.21000000000004,18.12352893433974,False,0.3861040702966528,14.553853899613888,0.1468854097268487,3.8339,0.9965
35.2_-78.0,84,4820517.97,18877675.0,Hurricane Matthew,2016,5,14177.0,69.5457,1775.5416,35.2,-78.0,Wayne,4200.0,143.66165402380952,158.0115,2.3973438595238097,64079.99552105106,23215.0,214603905.0,1838.9038518960883,36.98557692307692,0.9411904761904762,0.0,0.2026190476190476,123.21000000000004,34.088142196250296,False,0.2553554910760991,15.388392150355251,0.0105624659714369,3.5884,1.0
35.2_-78.1,19,2346619.92,5251134.0,Hurricane Matthew,2016,5,14177.0,69.5457,1775.5416,35.2,-78.10000000000001,Wayne,7332.0,166.38124624931808,166.4448,2.4002565630114563,85328.7688307331,33063.0,508644791.0,3017.7049152826708,42.85890087660148,0.9614020731042008,0.0,0.1869885433715221,123.21000000000004,59.508156805454085,False,0.4468786970585782,14.668486944957916,0.0165958018923415,3.595,1.0
35.3_-77.5,9,130993.07,746950.0,Hurricane Matthew,2016,5,14177.0,69.5457,1775.5416,35.300000000000004,-77.5,Lenoir,1603.0,35.16349825327511,33.8261,2.308644878353088,58720.58819836786,33190.0,93541897.0,3903.7940991839296,33.683161953727506,0.9594510293200248,0.0,0.0062383031815346,123.21000000000004,13.010307604902197,False,0.1753706004417966,11.782907333983127,0.1617993953287484,3.6577,0.9978
35.3_-78.0,274,15430320.29,95476353.0,Hurricane Matthew,2016,5,14177.0,69.5457,1775.5416,35.300000000000004,-78.0,Wayne,19183.0,108.15972315591932,110.286,2.374328006047021,188014.373758559,65918.0,3047901013.0,3733.365060761212,48.13562375745527,0.9383829432309858,0.0,0.1549288432466246,123.21000000000004,155.693531369207,False,0.1616140521203192,16.551845046546408,0.1847469875468463,3.9767,0.997
35.3_-78.1,13,557246.7,1308381.0,Hurricane Matthew,2016,5,14177.0,69.5457,1775.5416,35.300000000000004,-78.10000000000001,Wayne,8618.0,122.15275300533769,119.0896,2.3352109352517982,135398.87072997875,37060.0,955239033.0,3095.2269312544295,38.47515306848925,0.9556741703411464,0.0,0.1813645857507542,123.21000000000004,69.94562129697263,False,0.4259055275183604,13.230765123828204,0.0629211972505588,3.9672,1.0
35.4_-76.6,14,138113.97,3273032.0,Hurricane Matthew,2016,5,14177.0,69.5457,1775.5416,35.4,-76.60000000000001,Beaufort,91.0,3.0146582417582413,2.9356,2.3746615384615386,80406.74157303371,53886.0,7156200.0,2009.4719101123596,9.752808988764045,0.978021978021978,0.0,0.0219780219780219,123.21000000000004,0.7385764142520898,False,0.0421975617714706,11.835841733232916,0.0,3.4283,1.0
35.4_-76.7,1,31742.05,118214.0,Hurricane Matthew,2016,5,14177.0,69.5457,1775.5416,35.4,-76.7,Beaufort,1147.0,5.735229293809939,5.6439,2.363406887532694,66952.36756756756,41365.5,74317128.0,1806.744144144144,10.486486486486486,0.979075850043592,0.0,0.032258064516129,123.21000000000004,9.309309309309306,False,0.2685134586428003,10.365429082721455,2.2439133849433412e-05,3.578,0.9987
35.4_-76.8,1,19012.63,210925.0,Hurricane Matthew,2016,5,14177.0,69.5457,1775.5416,35.4,-76.80000000000001,Beaufort,875.0,8.831337942857143,8.6925,2.356228342857143,75712.7327790974,50688.0,63750121.0,1946.0653206650832,9.805225653206652,0.968,0.0,0.0377142857142857,123.21000000000004,7.101696290885478,False,0.0901392912172573,9.852911369383897,0.0,3.8607,1.0
35.4_-77.0,20,128783.89,7348870.0,Hurricane Matthew,2016,5,14177.0,69.5457,1775.5416,35.4,-77.0,Beaufort,1640.0,15.119147987804878,10.731000000000002,2.373973536585366,111025.57685009488,93108.0,175531437.0,2339.954430379747,9.776723592662872,0.9810975609756096,0.0,0.0359756097560975,123.21000000000004,13.310607905202495,False,0.0175243119010133,11.765898772106008,0.0,4.3088,1.0
35.4_-77.1,5,118487.1,1439173.0,Hurricane Matthew,2016,5,14177.0,69.5457,1775.5416,35.4,-77.10000000000001,Beaufort,1327.0,31.685237226827432,32.0049,2.3880018839487565,158639.60652009098,60262.0,209245641.0,2984.054586808188,10.206974981046248,0.958553127354936,0.0,0.0060286360211002,123.21000000000004,10.770229689148604,False,0.0823299909044986,11.682567812573774,0.0,3.4604,1.0
35.4_-78.0,2,57621.03,339737.0,Hurricane Matthew,2016,5,14177.0,69.5457,1775.5416,35.4,-78.0,Wayne,8527.0,126.91812187170166,127.4904,2.3893197502052304,123859.32457893234,59958.0,867758428.0,3376.3588352840425,38.00459395376408,0.957898440248622,0.0,0.1783745748797936,123.21000000000004,69.20704488272054,False,0.1696048119574847,10.96166023884056,0.1896459002067122,3.8051,0.9958
35.4_-78.1,3,144713.69999999998,338357.0,Hurricane Matthew,2016,5,14177.0,69.5457,1775.5416,35.4,-78.10000000000001,Wayne,9482.0,124.98954316599873,127.45265,2.393331740139211,138094.9198919892,76810.0,1073964192.0,2790.683039732545,31.366860772895713,0.9703649019194264,0.0,0.179814385150812,123.21000000000004,76.95803912020126,False,0.4276953040723259,11.88251949695522,0.1195233853755272,3.7922,0.9996
35.5_-76.6,1,1710.96,14137.0,Hurricane Matthew,2016,5,14177.0,69.5457,1775.5416,35.5,-76.60000000000001,Beaufort,294.0,6.439303401360544,6.8446,2.3603187074829934,57939.93525179856,21869.0,16107302.0,1336.4928057553957,7.816546762589928,0.9591836734693876,0.0,0.0544217687074829,123.21000000000004,2.3861699537375207,False,0.1210270920280116,7.445394191942753,0.0001204798540472,3.4958,1.0
35.5_-76.8,1,9642.0,90701.0,Hurricane Matthew,2016,5,14177.0,69.5457,1775.5416,35.5,-76.80000000000001,Beaufort,614.0,10.865662540716611,11.05585,2.3948934853420196,106074.245819398,33413.5,63432399.0,2389.774247491639,10.807692307692308,0.9527687296416938,0.0,0.0260586319218241,123.21000000000004,4.983361740118496,False,0.1063053329070241,9.173987542510384,8.57949329512599e-06,3.9345,1.0
35.5_-77.0,20,195272.12,2760507.0,Hurricane Matthew,2016,5,14177.0,69.5457,1775.5416,35.5,-77.0,Beaufort,2357.0,26.98558413237166,30.4012,2.39552706830717,93460.66352739726,36445.0,218324110.0,2223.652397260274,10.847174657534246,0.9745439117522274,0.0,0.0089096308867204,123.21000000000004,19.12994075156237,False,0.0707377738944331,12.182154472983685,0.0002494048293844,3.9165,0.9979
35.5_-77.1,40,1052260.87,6218282.0,Hurricane Matthew,2016,5,14177.0,69.5457,1775.5416,35.5,-77.10000000000001,Beaufort,7901.0,15.709383483100872,11.286,2.3712238957106697,149120.64549180327,70563.5,1164334000.0,3951.7631915983607,9.958886454440004,0.9374762688267309,0.0,0.0117706619415263,123.21000000000004,64.12628845061276,False,0.1692205129969982,13.866452567158406,0.0031775556072231,3.843,1.0
35.5_-78.0,1,8545.32,82279.0,Hurricane Matthew,2016,5,14177.0,69.5457,1775.5416,35.5,-78.0,Wayne,3684.0,135.292178257329,137.7529,2.400184362106406,61201.72377158034,29145.0,184339592.0,2240.366533864542,56.232945091514146,0.9565689467969598,0.0,0.1824104234527687,123.21000000000004,29.900170440710973,False,0.1038578495120261,9.053256059921386,0.014083323529906,3.7726,1.0
35.7_-77.5,5,69428.48000000001,1678091.0,Hurricane Matthew,2016,5,14177.0,69.5457,1775.5416,35.7,-77.5,Edgecombe,27.0,42.97740740740741,42.84,2.3999999999999995,56030.0,27232.0,1512810.0,1673.148148148148,68.88888888888889,0.9629629629629628,0.0,0.0,123.21000000000004,0.2191380569758947,False,0.0413734892803787,11.148066840161444,0.1315085614298212,4.2475,1.0
35.7_-77.6,12,362850.88,1222214.0,Hurricane Matthew,2016,5,14177.0,69.5457,1775.5416,35.7,-77.60000000000001,Edgecombe,679.0,69.24516936671576,80.63,2.4000000000000004,56718.85780525502,28846.0,36697101.0,1557.2132921174652,35.97784810126582,0.9779086892488954,0.0,0.0471281296023564,123.21000000000004,5.510916321727131,False,0.2968799899199322,12.801749985897215,0.0295739348370927,3.7068,1.0
35.7_-77.7,1,21195.26,113368.0,Hurricane Matthew,2016,5,14177.0,69.5457,1775.5416,35.7,-77.7,Edgecombe,3371.0,97.83380895876596,99.04,2.4000000000000004,55245.05808236017,32085.0,179767419.0,1600.5955746773202,48.06941431670282,0.97330169089291,0.0,0.0347078018392168,123.21000000000004,27.35979222465708,False,0.1869598122927104,9.961580030002793,0.0084646329198793,3.8063,1.0
35.8_-77.5,177,10384243.61,28505597.0,Hurricane Matthew,2016,5,14177.0,69.5457,1775.5416,35.800000000000004,-77.5,Edgecombe,1520.0,51.957539473684214,50.35,2.4,64072.506915629325,31789.0,92648845.0,2007.4917012448136,39.03412256267409,0.9013157894736842,0.0,0.0486842105263157,123.21000000000004,12.33666098530963,False,0.3642878838846981,16.155800274081532,0.1287839020122484,3.3888,1.0
35.8_-77.6,11,146270.64,1438126.0,Hurricane Matthew,2016,5,14177.0,69.5457,1775.5416,35.800000000000004,-77.60000000000001,Edgecombe,4109.0,65.96615234850329,61.64,2.4,170311.65577566245,51592.0,662001406.0,2428.7200926164137,37.220238095238095,0.9467023606716964,0.0,0.0540277439766366,123.21000000000004,33.3495657819982,False,0.1017091965516234,11.893220719960208,0.1381830372108615,3.8157,1.0
35.8_-77.7,2,49946.11,871801.0,Hurricane Matthew,2016,5,14177.0,69.5457,1775.5416,35.800000000000004,-77.7,Edgecombe,2005.0,98.02437905236908,100.35,2.4,54019.927385892115,32339.0,104150420.0,1809.3023858921165,35.219613980177364,0.9650872817955112,0.0,0.0384039900249376,123.21000000000004,16.273029786543294,False,0.0572907234563851,10.818719924545013,0.0331964465303385,3.851,1.0
35.8_-77.8,13,293325.69,1217475.0,Hurricane Matthew,2016,5,14177.0,69.5457,1775.5416,35.800000000000004,-77.80000000000001,Edgecombe,2201.0,115.30985915492958,119.97,2.4000000000000004,51941.74260216064,30627.0,110583970.0,1577.911695631752,37.96812559467174,0.9745570195365744,0.0,0.0327124034529759,123.21000000000004,17.86380975570164,False,0.2409295385942216,12.589042249802542,0.0179250042038002,3.8374,1.0
35.9_-77.5,7,238608.77999999997,1248020.0,Hurricane Matthew,2016,5,14177.0,69.5457,1775.5416,35.9,-77.5,Edgecombe,915.0,67.70692896174863,64.03,2.4000000000000004,77490.8608490566,32913.0,65712250.0,1850.944575471698,44.328605200945624,0.960655737704918,0.0,0.073224043715847,123.21000000000004,7.4263452641831,False,0.1911898687521033,12.382584776909024,0.1821806509855058,3.5793,1.0
35.9_-77.6,1,30702.58,109811.0,Hurricane Matthew,2016,5,14177.0,69.5457,1775.5416,35.9,-77.60000000000001,Edgecombe,4868.0,66.174324157765,67.94,2.4,92090.73709813876,56525.5,435405005.0,2917.993866328258,49.55605285592498,0.9537797863599012,0.0,0.028759244042728,123.21000000000004,39.50978005032058,False,0.279594758266476,10.332134539154444,0.0933623868588669,3.8441,1.0
35.9_-77.7,9,40427.22,842590.0,Hurricane Matthew,2016,5,14177.0,69.5457,1775.5416,35.9,-77.7,Edgecombe,1298.0,86.09339753466872,87.17500000000001,2.4000000000000004,77476.90575479566,41590.0,92894810.0,1929.6630525437863,32.71838111298482,0.9476117103235748,0.0,0.0762711864406779,123.21000000000004,10.534859183507828,False,0.0479797054320606,10.607283334952776,0.0363208340339667,3.8227,1.0
35.9_-77.8,67,2827718.28,15848591.0,Hurricane Matthew,2016,5,14177.0,69.5457,1775.5416,35.9,-77.80000000000001,Edgecombe,10233.0,103.17359914003713,106.52,2.4,92703.76492294334,46577.5,854172490.0,1864.6691990449317,52.209135399673734,0.966383269813349,0.0,0.0995797908726668,123.21000000000004,83.0533235938641,False,0.1784207996786591,14.854981036573676,0.0165881957289389,3.6992,1.0
34.4_-79.0,1,389.1,66000.0,Hurricane Floyd,1999,2,18051.0,63.5913,454.0896,34.4,-79.0,Robeson,328.0,104.54013932926829,94.985,2.251432682926829,85937.27329192546,42727.5,27671802.0,1650.1149068322982,29.675078864353313,0.9664634146341464,0.0,0.0182926829268292,123.21000000000004,2.6621215810404992,False,0.0058954545454545,5.966403116512611,2.5409947147309933e-05,3.5997,1.0
34.5_-79.0,29,158494.57,3071939.0,Hurricane Floyd,1999,2,18051.0,63.5913,454.0896,34.5,-79.0,Robeson,2906.0,117.869441431521,116.93055,2.399989236063317,135171.56743704726,35338.0,391862374.0,1925.3932390479476,26.126648160999306,0.9786648313833448,0.0,0.0024088093599449,123.21000000000004,23.58574791007223,False,0.0515943090015784,11.973481922382064,0.0,3.3161,0.9967
34.5_-79.1,1,2694.16,10364.0,Hurricane Floyd,1999,2,18051.0,63.5913,454.0896,34.5,-79.10000000000001,Robeson,3031.0,127.79862857142857,127.3324,2.3714633916199275,131343.14955430836,46329.0,397838400.0,2146.092769891053,28.760357971494862,0.975915539425932,0.0,0.0006598482349059,123.21000000000004,24.600275951627296,False,0.2599536858355847,7.899212850783043,0.0,3.6506,0.9997
34.7_-79.0,13,53210.59,1050745.0,Hurricane Floyd,1999,2,18051.0,63.5913,454.0896,34.7,-79.0,Robeson,2085.0,152.4402762589928,153.9116,2.3926593525179856,127076.85590778098,64859.5,264574014.0,2088.260806916426,27.8,0.9645083932853716,0.0,0.0014388489208633,123.21000000000004,16.922327733138538,False,0.0506408215123555,10.882031508745172,0.0087944395350418,3.3389,0.9987
35.0_-77.7,1,887.93,121680.0,Hurricane Floyd,1999,2,18051.0,63.5913,454.0896,35.0,-77.7,Lenoir,925.0,112.3501117837838,113.6401,2.401265372972973,66555.27620087336,34115.0,60964633.0,1700.8176855895197,40.046306504961414,0.8745945945945945,0.0,0.0097297297297297,123.21000000000004,7.507507507507506,False,0.007297255095332,6.790018492256255,4.980906524987548e-05,3.7665,1.0
35.2_-76.7,8,44643.21,483390.0,Hurricane Floyd,1999,2,18051.0,63.5913,454.0896,35.2,-76.7,Beaufort,89.0,4.686680898876404,4.9836,2.361212359550562,111209.14942528737,51225.0,9675196.0,2129.4827586206898,9.517241379310343,0.9775280898876404,0.0,0.0224719101123595,123.21000000000004,0.7223439655872086,False,0.0923544343077018,10.706479902644125,4.493856897620952e-05,3.4472,1.0
35.2_-76.8,1,4191.47,51226.0,Hurricane Floyd,1999,2,18051.0,63.5913,454.0896,35.2,-76.80000000000001,Beaufort,451.0,8.00691485587583,8.5001,2.383531707317073,183913.3317535545,27967.0,77611426.0,1747.5,9.54739336492891,0.9645232815964524,0.0,0.0643015521064301,123.21000000000004,3.6604171739306866,False,0.0818230976457267,8.3410453380367,0.0,3.3014,1.0
35.2_-77.5,29,1285674.12,2583070.0,Hurricane Floyd,1999,2,18051.0,63.5913,454.0896,35.2,-77.5,Lenoir,417.0,40.46213261390887,41.5865,2.33615417266187,64298.59375,30220.0,26748215.0,1747.6225961538462,44.32512315270936,0.9592326139088728,0.0,0.0023980815347721,123.21000000000004,3.3844655466277076,False,0.497731040970628,14.066794523558976,0.0238787186302027,3.5401,0.9989
35.2_-77.6,199,7037412.45,707653910.0,Hurricane Floyd,1999,2,18051.0,63.5913,454.0896,35.2,-77.60000000000001,Lenoir,9133.0,58.4259503339538,58.9891,2.321854201248221,209963.4498027181,41558.5,1915706516.0,2926.780688294607,47.74004400440044,0.937588963100843,0.0,0.0009854374247235,123.21000000000004,74.12547682817952,False,0.0099447093424524,15.766751252953036,0.1183377748167888,3.5992,0.9942
35.2_-77.7,3,27244.19,239016.0,Hurricane Floyd,1999,2,18051.0,63.5913,454.0896,35.2,-77.7,Lenoir,6722.0,74.85900531091937,80.3674,2.3698571823861942,179777.86992840096,65490.0,1205230840.0,3619.206443914082,34.118983152827916,0.9413864921154418,0.0,0.0026777744718833,123.21000000000004,54.55725996266535,False,0.1139847959969207,10.212632270749534,0.0591189207195203,3.6724,0.9992
35.2_-77.8,14,679309.89,935957.0,Hurricane Floyd,1999,2,18051.0,63.5913,454.0896,35.2,-77.80000000000001,Lenoir,2233.0,78.2304775638155,82.5002,2.3755544961934616,192752.37078651684,41535.0,428874025.0,1927.5177528089887,32.63628034814475,0.948499776085983,0.0,0.0035826242722794,123.21000000000004,18.12352893433974,False,0.7257917724852745,13.428834166259492,0.0152481678880746,3.8339,0.9965
35.2_-78.0,73,2992775.82,6302529.0,Hurricane Floyd,1999,2,18051.0,63.5913,454.0896,35.2,-78.0,Wayne,4200.0,143.66165402380952,158.0115,2.3973438595238097,64079.99552105106,23215.0,214603905.0,1838.9038518960883,36.98557692307692,0.9411904761904762,0.0,0.2026190476190476,123.21000000000004,34.088142196250296,False,0.4748531613261914,14.9117122167308,0.0007371110273484,3.5884,1.0
35.2_-78.1,8,339157.27,758439.0,Hurricane Floyd,1999,2,18051.0,63.5913,454.0896,35.2,-78.10000000000001,Wayne,7332.0,166.38124624931808,166.4448,2.4002565630114563,85328.7688307331,33063.0,508644791.0,3017.7049152826708,42.85890087660148,0.9614020731042008,0.0,0.1869885433715221,123.21000000000004,59.508156805454085,False,0.4471780459601893,12.734222150567566,0.0013780817773893,3.595,1.0
35.2_-78.2,2,61065.35,164150.0,Hurricane Floyd,1999,2,18051.0,63.5913,454.0896,35.2,-78.2,Wayne,2579.0,150.16305385808454,154.8693,2.3941217603722373,75577.74122601778,31390.0,161509633.0,2164.915301824988,47.208548614372944,0.9061651803024428,0.0,0.1713842574641333,123.21000000000004,20.93174255336417,False,0.3720094425830033,11.019716256951092,0.0002864557004684,3.6331,1.0
35.3_-76.6,67,623819.56,4214780.0,Hurricane Floyd,1999,2,18051.0,63.5913,454.0896,35.300000000000004,-76.60000000000001,Beaufort,53.0,6.3251622641509435,4.0691,2.380303773584906,72776.98076923077,44083.0,3784403.0,1511.326923076923,9.057692307692308,0.981132075471698,0.0,0.0188679245283018,123.21000000000004,0.430159889619349,False,0.1480076208010857,13.343618041894516,6.98616738857063e-05,3.203,1.0
35.3_-76.7,31,317991.73,2456773.0,Hurricane Floyd,1999,2,18051.0,63.5913,454.0896,35.300000000000004,-76.7,Beaufort,482.0,4.002392531120332,3.83345,2.381682572614108,52057.79609544468,30512.0,23998644.0,1538.479392624729,10.663774403470716,0.9896265560165975,0.0,0.0435684647302904,123.21000000000004,3.9120201282363434,False,0.1294347218892425,12.669783799865762,0.0002078194320204,3.4528,1.0
35.3_-76.8,29,203197.17,2637151.0,Hurricane Floyd,1999,2,18051.0,63.5913,454.0896,35.300000000000004,-76.80000000000001,Beaufort,818.0,7.700108312958435,7.556649999999999,2.37438826405868,79860.23691099476,26958.0,61013221.0,3807.1832460732985,10.557591623036648,0.910757946210269,0.0,0.0660146699266503,123.21000000000004,6.639071503936367,False,0.0770517767090318,12.2219369887404,7.74386728732329e-05,3.4384,1.0
35.3_-77.0,7,14671.04,295593.0,Hurricane Floyd,1999,2,18051.0,63.5913,454.0896,35.300000000000004,-77.0,Beaufort,440.0,30.87710886363637,32.2782,2.4000034090909086,52933.54587155963,26641.0,23079026.0,2166.2522935779816,12.279816513761467,0.975,0.0,0.009090909090909,123.21000000000004,3.57113870627384,False,0.0496325691068462,9.593698920773882,0.0,3.4472,1.0
35.3_-77.5,15,582081.38,1379145.0,Hurricane Floyd,1999,2,18051.0,63.5913,454.0896,35.300000000000004,-77.5,Lenoir,1603.0,35.16349825327511,33.8261,2.308644878353088,58720.58819836786,33190.0,93541897.0,3903.7940991839296,33.683161953727506,0.9594510293200248,0.0,0.0062383031815346,123.21000000000004,13.010307604902197,False,0.4220595948939379,13.274367263088582,0.19459118243131,3.6577,0.9978
35.3_-77.8,1,55930.25,87360.0,Hurricane Floyd,1999,2,18051.0,63.5913,454.0896,35.300000000000004,-77.80000000000001,Lenoir,3044.0,103.64423140604468,104.6998,2.397929464520368,75903.22097994082,36569.0,230821695.0,1954.4801052285432,31.671305500331343,0.9319973718791064,0.0,0.0009855453350854,123.21000000000004,24.705786867949023,False,0.6402272206959707,10.931878536931167,0.017844611528822,3.6235,1.0
35.3_-78.0,186,4317208.9,20543254.0,Hurricane Floyd,1999,2,18051.0,63.5913,454.0896,35.300000000000004,-78.0,Wayne,19183.0,108.15972315591932,110.286,2.374328006047021,188014.373758559,65918.0,3047901013.0,3733.365060761212,48.13562375745527,0.9383829432309858,0.0,0.1549288432466246,123.21000000000004,155.693531369207,False,0.2101521453222552,15.278119895083668,0.1746382535334353,3.9767,0.997
35.3_-78.1,11,258225.55,581598.0,Hurricane Floyd,1999,2,18051.0,63.5913,454.0896,35.300000000000004,-78.10000000000001,Wayne,8618.0,122.15275300533769,119.0896,2.3352109352517982,135398.87072997875,37060.0,955239033.0,3095.2269312544295,38.47515306848925,0.9556741703411464,0.0,0.1813645857507542,123.21000000000004,69.94562129697263,False,0.4439931877344832,12.461592579374004,0.0155538376216325,3.9672,1.0
35.4_-76.6,320,3020066.83,30226550.0,Hurricane Floyd,1999,2,18051.0,63.5913,454.0896,35.4,-76.60000000000001,Beaufort,91.0,3.0146582417582413,2.9356,2.3746615384615386,80406.74157303371,53886.0,7156200.0,2009.4719101123596,9.752808988764045,0.978021978021978,0.0,0.0219780219780219,123.21000000000004,0.7385764142520898,False,0.0999143742835355,14.920789849363723,0.0101522842639593,3.4283,1.0
35.4_-76.7,46,343111.31,4139136.0,Hurricane Floyd,1999,2,18051.0,63.5913,454.0896,35.4,-76.7,Beaufort,1147.0,5.735229293809939,5.6439,2.363406887532694,66952.36756756756,41365.5,74317128.0,1806.744144144144,10.486486486486486,0.979075850043592,0.0,0.032258064516129,123.21000000000004,9.309309309309306,False,0.0828944277259795,12.745813106955463,0.0004487826769886,3.578,0.9987
35.4_-76.8,15,62903.67,1371640.0,Hurricane Floyd,1999,2,18051.0,63.5913,454.0896,35.4,-76.80000000000001,Beaufort,875.0,8.831337942857143,8.6925,2.356228342857143,75712.7327790974,50688.0,63750121.0,1946.0653206650832,9.805225653206652,0.968,0.0,0.0377142857142857,123.21000000000004,7.101696290885478,False,0.0458601892624887,11.04937568476559,0.0004407102543324,3.8607,1.0
35.4_-77.0,184,1362128.78,18213485.0,Hurricane Floyd,1999,2,18051.0,63.5913,454.0896,35.4,-77.0,Beaufort,1640.0,15.119147987804878,10.731000000000002,2.373973536585366,111025.57685009488,93108.0,175531437.0,2339.954430379747,9.776723592662872,0.9810975609756096,0.0,0.0359756097560975,123.21000000000004,13.310607905202495,False,0.0747868285503845,14.124560047495752,0.0034732146723831,4.3088,1.0
35.4_-77.1,49,417233.21,5941821.0,Hurricane Floyd,1999,2,18051.0,63.5913,454.0896,35.4,-77.10000000000001,Beaufort,1327.0,31.685237226827432,32.0049,2.3880018839487565,158639.60652009098,60262.0,209245641.0,2984.054586808188,10.206974981046248,0.958553127354936,0.0,0.0060286360211002,123.21000000000004,10.770229689148604,False,0.0702197541797371,12.941402997788243,0.0115743027429286,3.4604,1.0
35.4_-78.1,2,8125.52,270410.0,Hurricane Floyd,1999,2,18051.0,63.5913,454.0896,35.4,-78.10000000000001,Wayne,9482.0,124.98954316599873,127.45265,2.393331740139211,138094.9198919892,76810.0,1073964192.0,2790.683039732545,31.366860772895713,0.9703649019194264,0.0,0.179814385150812,123.21000000000004,76.95803912020126,False,0.0300488887245294,9.00288806662431,0.0276372619867905,3.7922,0.9996
35.5_-76.5,4,44629.45,354740.0,Hurricane Floyd,1999,2,18051.0,63.5913,454.0896,35.5,-76.5,Beaufort,49.0,3.0514102040816327,2.8291,2.371479591836734,87156.14893617021,76834.0,4096339.0,1777.5531914893618,10.063829787234043,1.0,0.0,0.0408163265306122,123.21000000000004,0.3976949922895867,False,0.1258089022946383,10.70617164047636,0.0002395373507169,3.507,1.0
35.5_-76.6,28,187307.03,2120936.0,Hurricane Floyd,1999,2,18051.0,63.5913,454.0896,35.5,-76.60000000000001,Beaufort,294.0,6.439303401360544,6.8446,2.3603187074829934,57939.93525179856,21869.0,16107302.0,1336.4928057553957,7.816546762589928,0.9591836734693876,0.0,0.0544217687074829,123.21000000000004,2.3861699537375207,False,0.0883133814504539,12.140509759910408,0.0098449252164334,3.4958,1.0
35.5_-76.7,7,50080.6,229584.0,Hurricane Floyd,1999,2,18051.0,63.5913,454.0896,35.5,-76.7,Beaufort,2042.0,5.110162830558276,4.1800999999999995,2.3598378060724783,109865.1436605317,40580.0,214896221.0,2204.1728016359916,10.40235173824131,0.9378060724779628,0.0,0.0421155729676787,123.21000000000004,16.573330086843594,False,0.2181362812739563,10.821408954145417,0.0007658787798758,3.4564,1.0
35.5_-77.0,31,177376.11,3128945.0,Hurricane Floyd,1999,2,18051.0,63.5913,454.0896,35.5,-77.0,Beaufort,2357.0,26.98558413237166,30.4012,2.39552706830717,93460.66352739726,36445.0,218324110.0,2223.652397260274,10.847174657534246,0.9745439117522274,0.0,0.0089096308867204,123.21000000000004,19.12994075156237,False,0.0566887912699008,12.08603331009279,0.0150436458451422,3.9165,0.9979
35.5_-77.1,47,994900.05,5011708.0,Hurricane Floyd,1999,2,18051.0,63.5913,454.0896,35.5,-77.10000000000001,Beaufort,7901.0,15.709383483100872,11.286,2.3712238957106697,149120.64549180327,70563.5,1164334000.0,3951.7631915983607,9.958886454440004,0.9374762688267309,0.0,0.0117706619415263,123.21000000000004,64.12628845061276,False,0.1985151668852215,13.810398563959344,0.0373900987711729,3.843,1.0
35.7_-77.5,6,273455.8,409193.0,Hurricane Floyd,1999,2,18051.0,63.5913,454.0896,35.7,-77.5,Edgecombe,27.0,42.97740740740741,42.84,2.3999999999999995,56030.0,27232.0,1512810.0,1673.148148148148,68.88888888888889,0.9629629629629628,0.0,0.0,123.21000000000004,0.2191380569758947,False,0.6682807379402873,12.51889893590036,0.033145856767904,4.2475,1.0
35.7_-77.6,26,956002.79,1714472.0,Hurricane Floyd,1999,2,18051.0,63.5913,454.0896,35.7,-77.60000000000001,Edgecombe,679.0,69.24516936671576,80.63,2.4000000000000004,56718.85780525502,28846.0,36697101.0,1557.2132921174652,35.97784810126582,0.9779086892488954,0.0,0.0471281296023564,123.21000000000004,5.510916321727131,False,0.5576077007965135,13.770517156460826,4.177109440267335e-05,3.7068,1.0
35.7_-77.7,1,37000.0,148401.0,Hurricane Floyd,1999,2,18051.0,63.5913,454.0896,35.7,-77.7,Edgecombe,3371.0,97.83380895876596,99.04,2.4000000000000004,55245.05808236017,32085.0,179767419.0,1600.5955746773202,48.06941431670282,0.97330169089291,0.0,0.0347078018392168,123.21000000000004,27.35979222465708,False,0.2493244654685615,10.518700218288163,0.0,3.8063,1.0
35.8_-77.5,38,1262523.85,2914870.0,Hurricane Floyd,1999,2,18051.0,63.5913,454.0896,35.800000000000004,-77.5,Edgecombe,1520.0,51.957539473684214,50.35,2.4,64072.506915629325,31789.0,92648845.0,2007.4917012448136,39.03412256267409,0.9013157894736842,0.0,0.0486842105263157,123.21000000000004,12.33666098530963,False,0.4331321293917053,14.048624123106258,0.0357705286839145,3.3888,1.0
35.8_-77.6,9,178950.43,1033573.0,Hurricane Floyd,1999,2,18051.0,63.5913,454.0896,35.800000000000004,-77.60000000000001,Edgecombe,4109.0,65.96615234850329,61.64,2.4,170311.65577566245,51592.0,662001406.0,2428.7200926164137,37.220238095238095,0.9467023606716964,0.0,0.0540277439766366,123.21000000000004,33.3495657819982,False,0.1731376787125824,12.094869707221198,0.0037881327522628,3.8157,1.0
35.8_-77.7,3,138408.41999999998,219557.0,Hurricane Floyd,1999,2,18051.0,63.5913,454.0896,35.800000000000004,-77.7,Edgecombe,2005.0,98.02437905236908,100.35,2.4,54019.927385892115,32339.0,104150420.0,1809.3023858921165,35.219613980177364,0.9650872817955112,0.0,0.0384039900249376,123.21000000000004,16.273029786543294,False,0.6303985753130166,11.8379713834333,0.0010476030841434,3.851,1.0
35.8_-77.8,25,847069.67,14044390.0,Hurricane Floyd,1999,2,18051.0,63.5913,454.0896,35.800000000000004,-77.80000000000001,Edgecombe,2201.0,115.30985915492958,119.97,2.4000000000000004,51941.74260216064,30627.0,110583970.0,1577.911695631752,37.96812559467174,0.9745570195365744,0.0,0.0327124034529759,123.21000000000004,17.86380975570164,False,0.0603137387953481,13.649539405808884,0.0005549016310744,3.8374,1.0
35.9_-77.6,5,100707.76,332703.0,Hurricane Floyd,1999,2,18051.0,63.5913,454.0896,35.9,-77.60000000000001,Edgecombe,4868.0,66.174324157765,67.94,2.4,92090.73709813876,56525.5,435405005.0,2917.993866328258,49.55605285592498,0.9537797863599012,0.0,0.028759244042728,123.21000000000004,39.50978005032058,False,0.3026956775262021,11.519988065985713,0.0089171974522292,3.8441,1.0
35.9_-77.7,26,715877.01,1751071.0,Hurricane Floyd,1999,2,18051.0,63.5913,454.0896,35.9,-77.7,Edgecombe,1298.0,86.09339753466872,87.17500000000001,2.4000000000000004,77476.90575479566,41590.0,92894810.0,1929.6630525437863,32.71838111298482,0.9476117103235748,0.0,0.0762711864406779,123.21000000000004,10.534859183507828,False,0.4088223778476144,13.481265054331985,0.0016815200941651,3.8227,1.0
35.9_-77.8,149,4728071.55,11650383.0,Hurricane Floyd,1999,2,18051.0,63.5913,454.0896,35.9,-77.80000000000001,Edgecombe,10233.0,103.17359914003713,106.52,2.4,92703.76492294334,46577.5,854172490.0,1864.6691990449317,52.209135399673734,0.966383269813349,0.0,0.0995797908726668,123.21000000000004,83.0533235938641,False,0.4058297096327219,15.369028182704994,0.0434168488313435,3.6992,1.0
35.2_-76.7,66,3315428.63,10881321.0,Hurricane Irene,2011,3,7553.0,10.3977,66.5442,35.2,-76.7,Beaufort,89.0,4.686680898876404,4.9836,2.361212359550562,111209.14942528737,51225.0,9675196.0,2129.4827586206898,9.517241379310343,0.9775280898876404,0.0,0.0224719101123595,123.21000000000004,0.7223439655872086,False,0.3046899020808227,15.014097775014466,0.0308907723142464,3.4472,1.0
35.2_-76.8,34,865613.5800000001,4050761.0,Hurricane Irene,2011,3,7553.0,10.3977,66.5442,35.2,-76.80000000000001,Beaufort,451.0,8.00691485587583,8.5001,2.383531707317073,183913.3317535545,27967.0,77611426.0,1747.5,9.54739336492891,0.9645232815964524,0.0,0.0643015521064301,123.21000000000004,3.6604171739306866,False,0.213691595233587,13.671195030740265,0.0005320150273783,3.3014,1.0
35.2_-77.5,1,11057.6,157500.0,Hurricane Irene,2011,3,7553.0,10.3977,66.5442,35.2,-77.5,Lenoir,417.0,40.46213261390887,41.5865,2.33615417266187,64298.59375,30220.0,26748215.0,1747.6225961538462,44.32512315270936,0.9592326139088728,0.0,0.0023980815347721,123.21000000000004,3.3844655466277076,False,0.0702069841269841,9.310963684785632,0.0,3.5401,0.9989
35.2_-77.6,3,25382.62,335592.0,Hurricane Irene,2011,3,7553.0,10.3977,66.5442,35.2,-77.60000000000001,Lenoir,9133.0,58.4259503339538,58.9891,2.321854201248221,209963.4498027181,41558.5,1915706516.0,2926.780688294607,47.74004400440044,0.937588963100843,0.0,0.0009854374247235,123.21000000000004,74.12547682817952,False,0.0756353548356337,10.1418593630911,0.0,3.5992,0.9942
35.3_-76.6,116,3704480.99,14757575.0,Hurricane Irene,2011,3,7553.0,10.3977,66.5442,35.300000000000004,-76.60000000000001,Beaufort,53.0,6.3251622641509435,4.0691,2.380303773584906,72776.98076923077,44083.0,3784403.0,1511.326923076923,9.057692307692308,0.981132075471698,0.0,0.0188679245283018,123.21000000000004,0.430159889619349,False,0.2510223386972453,15.125053993172289,0.0438847748125378,3.203,1.0
35.3_-76.7,117,4072016.74,14595958.0,Hurricane Irene,2011,3,7553.0,10.3977,66.5442,35.300000000000004,-76.7,Beaufort,482.0,4.002392531120332,3.83345,2.381682572614108,52057.79609544468,30512.0,23998644.0,1538.479392624729,10.663774403470716,0.9896265560165975,0.0,0.0435684647302904,123.21000000000004,3.9120201282363434,False,0.2789824922762863,15.21964919378454,0.0133727286691424,3.4528,1.0
35.3_-76.8,61,1554128.05,8957692.0,Hurricane Irene,2011,3,7553.0,10.3977,66.5442,35.300000000000004,-76.80000000000001,Beaufort,818.0,7.700108312958435,7.556649999999999,2.37438826405868,79860.23691099476,26958.0,61013221.0,3807.1832460732985,10.557591623036648,0.910757946210269,0.0,0.0660146699266503,123.21000000000004,6.639071503936367,False,0.1734964821295485,14.256425850219832,0.0043451699778869,3.4384,1.0
35.3_-77.0,38,427869.37,7395886.0,Hurricane Irene,2011,3,7553.0,10.3977,66.5442,35.300000000000004,-77.0,Beaufort,440.0,30.87710886363637,32.2782,2.4000034090909086,52933.54587155963,26641.0,23079026.0,2166.2522935779816,12.279816513761467,0.975,0.0,0.009090909090909,123.21000000000004,3.57113870627384,False,0.057852347913421,12.966575554856616,0.0,3.4472,1.0
35.3_-77.5,1,3175.07,116555.0,Hurricane Irene,2011,3,7553.0,10.3977,66.5442,35.300000000000004,-77.5,Lenoir,1603.0,35.16349825327511,33.8261,2.308644878353088,58720.58819836786,33190.0,93541897.0,3903.7940991839296,33.683161953727506,0.9594510293200248,0.0,0.0062383031815346,123.21000000000004,13.010307604902197,False,0.0272409592038093,8.06339986242641,0.0,3.6577,0.9978
35.4_-76.6,318,5834941.31,54380832.0,Hurricane Irene,2011,3,7553.0,10.3977,66.5442,35.4,-76.60000000000001,Beaufort,91.0,3.0146582417582413,2.9356,2.3746615384615386,80406.74157303371,53886.0,7156200.0,2009.4719101123596,9.752808988764045,0.978021978021978,0.0,0.0219780219780219,123.21000000000004,0.7385764142520898,False,0.1072977572318128,15.579374936764458,0.0354809319276324,3.4283,1.0
35.4_-76.7,92,2000261.68,14557264.0,Hurricane Irene,2011,3,7553.0,10.3977,66.5442,35.4,-76.7,Beaufort,1147.0,5.735229293809939,5.6439,2.363406887532694,66952.36756756756,41365.5,74317128.0,1806.744144144144,10.486486486486486,0.979075850043592,0.0,0.032258064516129,123.21000000000004,9.309309309309306,False,0.1374064302193049,14.508789069899876,0.0272186693593627,3.578,0.9987
35.4_-76.8,24,602611.02,4550605.0,Hurricane Irene,2011,3,7553.0,10.3977,66.5442,35.4,-76.80000000000001,Beaufort,875.0,8.831337942857143,8.6925,2.356228342857143,75712.7327790974,50688.0,63750121.0,1946.0653206650832,9.805225653206652,0.968,0.0,0.0377142857142857,123.21000000000004,7.101696290885478,False,0.1324243743414337,13.309028852376182,0.0028432919634352,3.8607,1.0
35.4_-77.0,426,6486827.64,74410485.0,Hurricane Irene,2011,3,7553.0,10.3977,66.5442,35.4,-77.0,Beaufort,1640.0,15.119147987804878,10.731000000000002,2.373973536585366,111025.57685009488,93108.0,175531437.0,2339.954430379747,9.776723592662872,0.9810975609756096,0.0,0.0359756097560975,123.21000000000004,13.310607905202495,False,0.0871762580233148,15.685284315937546,0.0003291325624702,4.3088,1.0
35.4_-77.1,48,848335.42,12339163.0,Hurricane Irene,2011,3,7553.0,10.3977,66.5442,35.4,-77.10000000000001,Beaufort,1327.0,31.685237226827432,32.0049,2.3880018839487565,158639.60652009098,60262.0,209245641.0,2984.054586808188,10.206974981046248,0.958553127354936,0.0,0.0060286360211002,123.21000000000004,10.770229689148604,False,0.0687514558321338,13.651032557798908,0.0,3.4604,1.0
35.5_-76.5,7,64677.0,760946.0,Hurricane Irene,2011,3,7553.0,10.3977,66.5442,35.5,-76.5,Beaufort,49.0,3.0514102040816327,2.8291,2.371479591836734,87156.14893617021,76834.0,4096339.0,1777.5531914893618,10.063829787234043,1.0,0.0,0.0408163265306122,123.21000000000004,0.3976949922895867,False,0.0849955187358892,11.077176391753472,0.0018934857247145,3.507,1.0
35.5_-76.6,19,211553.26,3374710.0,Hurricane Irene,2011,3,7553.0,10.3977,66.5442,35.5,-76.60000000000001,Beaufort,294.0,6.439303401360544,6.8446,2.3603187074829934,57939.93525179856,21869.0,16107302.0,1336.4928057553957,7.816546762589928,0.9591836734693876,0.0,0.0544217687074829,123.21000000000004,2.3861699537375207,False,0.062687833917581,12.262236793028896,0.0116004888039792,3.4958,1.0
35.5_-76.7,4,42364.96,249961.0,Hurricane Irene,2011,3,7553.0,10.3977,66.5442,35.5,-76.7,Beaufort,2042.0,5.110162830558276,4.1800999999999995,2.3598378060724783,109865.1436605317,40580.0,214896221.0,2204.1728016359916,10.40235173824131,0.9378060724779628,0.0,0.0421155729676787,123.21000000000004,16.573330086843594,False,0.1694862798596581,10.654100488590624,0.0018134600994762,3.4564,1.0
35.5_-77.0,27,196735.23,3248426.0,Hurricane Irene,2011,3,7553.0,10.3977,66.5442,35.5,-77.0,Beaufort,2357.0,26.98558413237166,30.4012,2.39552706830717,93460.66352739726,36445.0,218324110.0,2223.652397260274,10.847174657534246,0.9745439117522274,0.0,0.0089096308867204,123.21000000000004,19.12994075156237,False,0.0605632481700368,12.189619176536905,0.007040018138533,3.9165,0.9979
35.5_-77.1,25,273364.15,6864291.0,Hurricane Irene,2011,3,7553.0,10.3977,66.5442,35.5,-77.10000000000001,Beaufort,7901.0,15.709383483100872,11.286,2.3712238957106697,149120.64549180327,70563.5,1164334000.0,3951.7631915983607,9.958886454440004,0.9374762688267309,0.0,0.0117706619415263,123.21000000000004,64.12628845061276,False,0.0398240910823856,12.518563726237112,0.0011280752968732,3.843,1.0
35.7_-77.6,1,4425.27,143488.0,Hurricane Irene,2011,3,7553.0,10.3977,66.5442,35.7,-77.60000000000001,Edgecombe,679.0,69.24516936671576,80.63,2.4000000000000004,56718.85780525502,28846.0,36697101.0,1557.2132921174652,35.97784810126582,0.9779086892488954,0.0,0.0471281296023564,123.21000000000004,5.510916321727131,False,0.0308406974799286,8.395312521913505,0.0,3.7068,1.0
35.7_-77.7,1,499.24,86664.0,Hurricane Irene,2011,3,7553.0,10.3977,66.5442,35.7,-77.7,Edgecombe,3371.0,97.83380895876596,99.04,2.4000000000000004,55245.05808236017,32085.0,179767419.0,1600.5955746773202,48.06941431670282,0.97330169089291,0.0,0.0347078018392168,123.21000000000004,27.35979222465708,False,0.0057606387888858,6.215087983259043,0.0,3.8063,1.0
35.8_-77.8,1,9692.52,77123.0,Hurricane Irene,2011,3,7553.0,10.3977,66.5442,35.800000000000004,-77.80000000000001,Edgecombe,2201.0,115.30985915492958,119.97,2.4000000000000004,51941.74260216064,30627.0,110583970.0,1577.911695631752,37.96812559467174,0.9745570195365744,0.0,0.0327124034529759,123.21000000000004,17.86380975570164,False,0.1256761277439933,9.179212900015386,0.0,3.8374,1.0
35.9_-77.8,1,1465.19,98536.0,Hurricane Irene,2011,3,7553.0,10.3977,66.5442,35.9,-77.80000000000001,Edgecombe,10233.0,103.17359914003713,106.52,2.4,92703.76492294334,46577.5,854172490.0,1864.6691990449317,52.209135399673734,0.966383269813349,0.0,0.0995797908726668,123.21000000000004,83.0533235938641,False,0.0148695908094503,7.290422478414297,8.407600470825626e-06,3.6992,1.0
34.5_-79.0,1,1340.0,54450.0,Hurricane Fran,1996,4,11818.0,23.751,60.3927,34.5,-79.0,Robeson,2906.0,117.869441431521,116.93055,2.399989236063317,135171.56743704726,35338.0,391862374.0,1925.3932390479476,26.126648160999306,0.9786648313833448,0.0,0.0024088093599449,123.21000000000004,23.58574791007223,False,0.0246097337006427,7.201170883281678,0.0,3.3161,0.9967
34.8_-79.1,1,17324.8,54675.0,Hurricane Fran,1996,4,11818.0,23.751,60.3927,34.800000000000004,-79.10000000000001,Robeson,3156.0,186.47435180608363,185.9812,2.3946076140684407,185430.90721321895,43897.0,583551065.0,2406.1242453129967,27.634208840486867,0.9813054499366286,0.0,0.0028517110266159,123.21000000000004,25.614803993182363,False,0.3168687700045725,9.7599519990382,0.0,3.4601,0.9991
35.2_-76.7,1,2562.04,56210.0,Hurricane Fran,1996,4,11818.0,23.751,60.3927,35.2,-76.7,Beaufort,89.0,4.686680898876404,4.9836,2.361212359550562,111209.14942528737,51225.0,9675196.0,2129.4827586206898,9.517241379310343,0.9775280898876404,0.0,0.0224719101123595,123.21000000000004,0.7223439655872086,False,0.0455797900729407,7.848949332953174,0.0,3.4472,1.0
35.2_-76.8,3,22681.1,133925.0,Hurricane Fran,1996,4,11818.0,23.751,60.3927,35.2,-76.80000000000001,Beaufort,451.0,8.00691485587583,8.5001,2.383531707317073,183913.3317535545,27967.0,77611426.0,1747.5,9.54739336492891,0.9645232815964524,0.0,0.0643015521064301,123.21000000000004,3.6604171739306866,False,0.169356729512787,10.02933134614785,0.0,3.3014,1.0
35.2_-77.5,6,52390.87,376068.0,Hurricane Fran,1996,4,11818.0,23.751,60.3927,35.2,-77.5,Lenoir,417.0,40.46213261390887,41.5865,2.33615417266187,64298.59375,30220.0,26748215.0,1747.6225961538462,44.32512315270936,0.9592326139088728,0.0,0.0023980815347721,123.21000000000004,3.3844655466277076,False,0.1393122254485891,10.866506705599956,0.0,3.5401,0.9989
35.2_-77.6,40,562211.45,2638772.0,Hurricane Fran,1996,4,11818.0,23.751,60.3927,35.2,-77.60000000000001,Lenoir,9133.0,58.4259503339538,58.9891,2.321854201248221,209963.4498027181,41558.5,1915706516.0,2926.780688294607,47.74004400440044,0.937588963100843,0.0,0.0009854374247235,123.21000000000004,74.12547682817952,False,0.2130579868211425,13.239635082353445,0.0061792138574283,3.5992,0.9942
35.2_-77.8,4,33728.48,316220.0,Hurricane Fran,1996,4,11818.0,23.751,60.3927,35.2,-77.80000000000001,Lenoir,2233.0,78.2304775638155,82.5002,2.3755544961934616,192752.37078651684,41535.0,428874025.0,1927.5177528089887,32.63628034814475,0.948499776085983,0.0,0.0035826242722794,123.21000000000004,18.12352893433974,False,0.1066614382392005,10.426127511393725,0.0,3.8339,0.9965
35.2_-78.0,21,194409.82,1325574.0,Hurricane Fran,1996,4,11818.0,23.751,60.3927,35.2,-78.0,Wayne,4200.0,143.66165402380952,158.0115,2.3973438595238097,64079.99552105106,23215.0,214603905.0,1838.9038518960883,36.98557692307692,0.9411904761904762,0.0,0.2026190476190476,123.21000000000004,34.088142196250296,False,0.1466608578623298,12.177728827895816,0.0,3.5884,1.0
35.2_-78.1,2,26322.58,64400.0,Hurricane Fran,1996,4,11818.0,23.751,60.3927,35.2,-78.10000000000001,Wayne,7332.0,166.38124624931808,166.4448,2.4002565630114563,85328.7688307331,33063.0,508644791.0,3017.7049152826708,42.85890087660148,0.9614020731042008,0.0,0.1869885433715221,123.21000000000004,59.508156805454085,False,0.4087357142857143,10.178220394426694,0.0,3.595,1.0
35.2_-78.2,1,2332.61,40014.0,Hurricane Fran,1996,4,11818.0,23.751,60.3927,35.2,-78.2,Wayne,2579.0,150.16305385808454,154.8693,2.3941217603722373,75577.74122601778,31390.0,161509633.0,2164.915301824988,47.208548614372944,0.9061651803024428,0.0,0.1713842574641333,123.21000000000004,20.93174255336417,False,0.0582948468036187,7.755171703768876,0.0,3.6331,1.0
35.3_-76.6,26,265361.95,1922180.0,Hurricane Fran,1996,4,11818.0,23.751,60.3927,35.300000000000004,-76.60000000000001,Beaufort,53.0,6.3251622641509435,4.0691,2.380303773584906,72776.98076923077,44083.0,3784403.0,1511.326923076923,9.057692307692308,0.981132075471698,0.0,0.0188679245283018,123.21000000000004,0.430159889619349,False,0.1380526017334485,12.488853790532309,0.0,3.203,1.0
35.3_-76.7,16,140528.9,921656.0,Hurricane Fran,1996,4,11818.0,23.751,60.3927,35.300000000000004,-76.7,Beaufort,482.0,4.002392531120332,3.83345,2.381682572614108,52057.79609544468,30512.0,23998644.0,1538.479392624729,10.663774403470716,0.9896265560165975,0.0,0.0435684647302904,123.21000000000004,3.9120201282363434,False,0.1524743505168956,11.853175556502707,0.0,3.4528,1.0
35.3_-76.8,27,166734.48,2202310.0,Hurricane Fran,1996,4,11818.0,23.751,60.3927,35.300000000000004,-76.80000000000001,Beaufort,818.0,7.700108312958435,7.556649999999999,2.37438826405868,79860.23691099476,26958.0,61013221.0,3807.1832460732985,10.557591623036648,0.910757946210269,0.0,0.0660146699266503,123.21000000000004,6.639071503936367,False,0.0757089056490684,12.024163883524723,0.0,3.4384,1.0
35.3_-77.0,12,94927.32,794953.0,Hurricane Fran,1996,4,11818.0,23.751,60.3927,35.300000000000004,-77.0,Beaufort,440.0,30.87710886363637,32.2782,2.4000034090909086,52933.54587155963,26641.0,23079026.0,2166.2522935779816,12.279816513761467,0.975,0.0,0.009090909090909,123.21000000000004,3.57113870627384,False,0.1194124935688022,11.46087735946864,0.0,3.4472,1.0
35.3_-78.0,26,448258.87,2009114.0,Hurricane Fran,1996,4,11818.0,23.751,60.3927,35.300000000000004,-78.0,Wayne,19183.0,108.15972315591932,110.286,2.374328006047021,188014.373758559,65918.0,3047901013.0,3733.365060761212,48.13562375745527,0.9383829432309858,0.0,0.1549288432466246,123.21000000000004,155.693531369207,False,0.2231127103788037,13.013128410187598,0.0131590003865351,3.9767,0.997
35.3_-78.1,1,27814.54,72500.0,Hurricane Fran,1996,4,11818.0,23.751,60.3927,35.300000000000004,-78.10000000000001,Wayne,8618.0,122.15275300533769,119.0896,2.3352109352517982,135398.87072997875,37060.0,955239033.0,3095.2269312544295,38.47515306848925,0.9556741703411464,0.0,0.1813645857507542,123.21000000000004,69.94562129697263,False,0.3836488275862069,10.233350136306203,0.0001008352520041,3.9672,1.0
35.4_-76.6,247,3335980.06,17687916.0,Hurricane Fran,1996,4,11818.0,23.751,60.3927,35.4,-76.60000000000001,Beaufort,91.0,3.0146582417582413,2.9356,2.3746615384615386,80406.74157303371,53886.0,7156200.0,2009.4719101123596,9.752808988764045,0.978021978021978,0.0,0.0219780219780219,123.21000000000004,0.7385764142520898,False,0.1886022106844017,15.020277364986624,2.6031498112716383e-05,3.4283,1.0
35.4_-76.7,27,286912.96,2172184.0,Hurricane Fran,1996,4,11818.0,23.751,60.3927,35.4,-76.7,Beaufort,1147.0,5.735229293809939,5.6439,2.363406887532694,66952.36756756756,41365.5,74317128.0,1806.744144144144,10.486486486486486,0.979075850043592,0.0,0.032258064516129,123.21000000000004,9.309309309309306,False,0.1320850167389134,12.566937658854703,4.4878267698866824e-05,3.578,0.9987
35.4_-76.8,21,173815.1,1780288.0,Hurricane Fran,1996,4,11818.0,23.751,60.3927,35.4,-76.80000000000001,Beaufort,875.0,8.831337942857143,8.6925,2.356228342857143,75712.7327790974,50688.0,63750121.0,1946.0653206650832,9.805225653206652,0.968,0.0,0.0377142857142857,123.21000000000004,7.101696290885478,False,0.0976331357623036,12.06575312273594,0.0001563810579889,3.8607,1.0
35.4_-77.0,377,5688425.22,70819426.0,Hurricane Fran,1996,4,11818.0,23.751,60.3927,35.4,-77.0,Beaufort,1640.0,15.119147987804878,10.731000000000002,2.373973536585366,111025.57685009488,93108.0,175531437.0,2339.954430379747,9.776723592662872,0.9810975609756096,0.0,0.0359756097560975,123.21000000000004,13.310607905202495,False,0.0803229500899936,15.553944180850548,5.196829933740418e-05,4.3088,1.0
35.4_-77.1,80,1197776.92,312618345.0,Hurricane Fran,1996,4,11818.0,23.751,60.3927,35.4,-77.10000000000001,Beaufort,1327.0,31.685237226827432,32.0049,2.3880018839487565,158639.60652009098,60262.0,209245641.0,2984.054586808188,10.206974981046248,0.958553127354936,0.0,0.0060286360211002,123.21000000000004,10.770229689148604,False,0.0038314351641775,13.995978664847303,0.0,3.4604,1.0
35.5_-76.5,3,16735.84,202618.0,Hurricane Fran,1996,4,11818.0,23.751,60.3927,35.5,-76.5,Beaufort,49.0,3.0514102040816327,2.8291,2.371479591836734,87156.14893617021,76834.0,4096339.0,1777.5531914893618,10.063829787234043,1.0,0.0,0.0408163265306122,123.21000000000004,0.3976949922895867,False,0.0825979922810411,9.725367556809704,0.0,3.507,1.0
35.5_-76.6,21,281638.95,1453811.0,Hurricane Fran,1996,4,11818.0,23.751,60.3927,35.5,-76.60000000000001,Beaufort,294.0,6.439303401360544,6.8446,2.3603187074829934,57939.93525179856,21869.0,16107302.0,1336.4928057553957,7.816546762589928,0.9591836734693876,0.0,0.0544217687074829,123.21000000000004,2.3861699537375207,False,0.1937245969386667,12.548384761101453,0.0062993752258997,3.4958,1.0
35.5_-76.7,3,20581.82,127674.0,Hurricane Fran,1996,4,11818.0,23.751,60.3927,35.5,-76.7,Beaufort,2042.0,5.110162830558276,4.1800999999999995,2.3598378060724783,109865.1436605317,40580.0,214896221.0,2204.1728016359916,10.40235173824131,0.9378060724779628,0.0,0.0421155729676787,123.21000000000004,16.573330086843594,False,0.1612060403841032,9.93221202623987,7.042563493111493e-05,3.4564,1.0
35.5_-77.0,24,250454.34,2457821.0,Hurricane Fran,1996,4,11818.0,23.751,60.3927,35.5,-77.0,Beaufort,2357.0,26.98558413237166,30.4012,2.39552706830717,93460.66352739726,36445.0,218324110.0,2223.652397260274,10.847174657534246,0.9745439117522274,0.0,0.0089096308867204,123.21000000000004,19.12994075156237,False,0.1019009683780877,12.431035900179545,0.005090125836073,3.9165,0.9979
35.5_-77.1,12,108671.09,1239932.0,Hurricane Fran,1996,4,11818.0,23.751,60.3927,35.5,-77.10000000000001,Beaufort,7901.0,15.709383483100872,11.286,2.3712238957106697,149120.64549180327,70563.5,1164334000.0,3951.7631915983607,9.958886454440004,0.9374762688267309,0.0,0.0117706619415263,123.21000000000004,64.12628845061276,False,0.0876427820235303,11.596090278410834,0.0005166757084915,3.843,1.0
35.8_-77.7,1,1170.0,107000.0,Hurricane Fran,1996,4,11818.0,23.751,60.3927,35.800000000000004,-77.7,Edgecombe,2005.0,98.02437905236908,100.35,2.4,54019.927385892115,32339.0,104150420.0,1809.3023858921165,35.219613980177364,0.9650872817955112,0.0,0.0384039900249376,123.21000000000004,16.273029786543294,False,0.0109345794392523,7.065613363597717,0.0,3.851,1.0
35.8_-77.8,3,21898.57,102930.0,Hurricane Fran,1996,4,11818.0,23.751,60.3927,35.800000000000004,-77.80000000000001,Edgecombe,2201.0,115.30985915492958,119.97,2.4000000000000004,51941.74260216064,30627.0,110583970.0,1577.911695631752,37.96812559467174,0.9745570195365744,0.0,0.0327124034529759,123.21000000000004,17.86380975570164,False,0.212752064509861,9.994222280908632,0.0,3.8374,1.0
35.9_-77.7,5,16263.34,268002.0,Hurricane Fran,1996,4,11818.0,23.751,60.3927,35.9,-77.7,Edgecombe,1298.0,86.09339753466872,87.17500000000001,2.4000000000000004,77476.90575479566,41590.0,92894810.0,1929.6630525437863,32.71838111298482,0.9476117103235748,0.0,0.0762711864406779,123.21000000000004,10.534859183507828,False,0.0606836516145401,9.69673026015608,0.0,3.8227,1.0
35.9_-77.8,7,22792.58,648053.0,Hurricane Fran,1996,4,11818.0,23.751,60.3927,35.9,-77.80000000000001,Edgecombe,10233.0,103.17359914003713,106.52,2.4,92703.76492294334,46577.5,854172490.0,1864.6691990449317,52.209135399673734,0.966383269813349,0.0,0.0995797908726668,123.21000000000004,83.0533235938641,False,0.0351708579390883,10.034234196344368,3.3630401883302503e-05,3.6992,1.0
35.2_-76.7,5,28502.5,588850.0,Hurricane Isabel,2003,6,7739.0,27.4482,1052.9424,35.2,-76.7,Beaufort,89.0,4.686680898876404,4.9836,2.361212359550562,111209.14942528737,51225.0,9675196.0,2129.4827586206898,9.517241379310343,0.9775280898876404,0.0,0.0224719101123595,123.21000000000004,0.7223439655872086,False,0.0484036681667657,10.257782165734122,0.0384314641884543,3.4472,1.0
35.2_-76.8,1,1689.38,32783.0,Hurricane Isabel,2003,6,7739.0,27.4482,1052.9424,35.2,-76.80000000000001,Beaufort,451.0,8.00691485587583,8.5001,2.383531707317073,183913.3317535545,27967.0,77611426.0,1747.5,9.54739336492891,0.9645232815964524,0.0,0.0643015521064301,123.21000000000004,3.6604171739306866,False,0.0515321965652929,7.432708634712687,0.0015141966163844,3.3014,1.0
35.3_-76.6,70,679967.2999999999,4712883.0,Hurricane Isabel,2003,6,7739.0,27.4482,1052.9424,35.300000000000004,-76.60000000000001,Beaufort,53.0,6.3251622641509435,4.0691,2.380303773584906,72776.98076923077,44083.0,3784403.0,1511.326923076923,9.057692307692308,0.981132075471698,0.0,0.0188679245283018,123.21000000000004,0.430159889619349,False,0.1442784172660343,13.429801458418597,0.0135648083461413,3.203,1.0
35.3_-76.7,32,243521.23,2338998.0,Hurricane Isabel,2003,6,7739.0,27.4482,1052.9424,35.300000000000004,-76.7,Beaufort,482.0,4.002392531120332,3.83345,2.381682572614108,52057.79609544468,30512.0,23998644.0,1538.479392624729,10.663774403470716,0.9896265560165975,0.0,0.0435684647302904,123.21000000000004,3.9120201282363434,False,0.1041134836370103,12.402963510972269,0.0022137287323918,3.4528,1.0
35.3_-76.8,13,47095.44,1108201.0,Hurricane Isabel,2003,6,7739.0,27.4482,1052.9424,35.300000000000004,-76.80000000000001,Beaufort,818.0,7.700108312958435,7.556649999999999,2.37438826405868,79860.23691099476,26958.0,61013221.0,3807.1832460732985,10.557591623036648,0.910757946210269,0.0,0.0660146699266503,123.21000000000004,6.639071503936367,False,0.0424972004176137,10.759952693283786,0.014730556439886,3.4384,1.0
35.3_-77.0,2,12959.14,181869.0,Hurricane Isabel,2003,6,7739.0,27.4482,1052.9424,35.300000000000004,-77.0,Beaufort,440.0,30.87710886363637,32.2782,2.4000034090909086,52933.54587155963,26641.0,23079026.0,2166.2522935779816,12.279816513761467,0.975,0.0,0.009090909090909,123.21000000000004,3.57113870627384,False,0.071255354128521,9.469633772317056,0.0,3.4472,1.0
35.4_-76.6,243,1812116.66,30136685.0,Hurricane Isabel,2003,6,7739.0,27.4482,1052.9424,35.4,-76.60000000000001,Beaufort,91.0,3.0146582417582413,2.9356,2.3746615384615386,80406.74157303371,53886.0,7156200.0,2009.4719101123596,9.752808988764045,0.978021978021978,0.0,0.0219780219780219,123.21000000000004,0.7385764142520898,False,0.0601299266989717,14.41000669725179,0.231107640244696,3.4283,1.0
35.4_-76.7,47,317088.42,4990484.0,Hurricane Isabel,2003,6,7739.0,27.4482,1052.9424,35.4,-76.7,Beaufort,1147.0,5.735229293809939,5.6439,2.363406887532694,66952.36756756756,41365.5,74317128.0,1806.744144144144,10.486486486486486,0.979075850043592,0.0,0.032258064516129,123.21000000000004,9.309309309309306,False,0.0635386106838535,12.666939095100693,0.0824862560305172,3.578,0.9987
35.4_-76.8,5,17358.06,439976.0,Hurricane Isabel,2003,6,7739.0,27.4482,1052.9424,35.4,-76.80000000000001,Beaufort,875.0,8.831337942857143,8.6925,2.356228342857143,75712.7327790974,50688.0,63750121.0,1946.0653206650832,9.805225653206652,0.968,0.0,0.0377142857142857,123.21000000000004,7.101696290885478,False,0.0394522883066349,9.761869839282877,0.0790577330433175,3.8607,1.0
35.4_-77.0,125,687541.23,12114389.0,Hurricane Isabel,2003,6,7739.0,27.4482,1052.9424,35.4,-77.0,Beaufort,1640.0,15.119147987804878,10.731000000000002,2.373973536585366,111025.57685009488,93108.0,175531437.0,2339.954430379747,9.776723592662872,0.9810975609756096,0.0,0.0359756097560975,123.21000000000004,13.310607905202495,False,0.0567540987828606,13.440878532090943,0.0065480057165129,4.3088,1.0
35.4_-77.1,13,88455.98,1703023.0,Hurricane Isabel,2003,6,7739.0,27.4482,1052.9424,35.4,-77.10000000000001,Beaufort,1327.0,31.685237226827432,32.0049,2.3880018839487565,158639.60652009098,60262.0,209245641.0,2984.054586808188,10.206974981046248,0.958553127354936,0.0,0.0060286360211002,123.21000000000004,10.770229689148604,False,0.0519405668625732,11.390271611115375,0.0,3.4604,1.0
35.5_-76.5,7,40170.41,570709.0,Hurricane Isabel,2003,6,7739.0,27.4482,1052.9424,35.5,-76.5,Beaufort,49.0,3.0514102040816327,2.8291,2.371479591836734,87156.14893617021,76834.0,4096339.0,1777.5531914893618,10.063829787234043,1.0,0.0,0.0408163265306122,123.21000000000004,0.3976949922895867,False,0.0703868521435617,10.600910827558817,0.4396993235921477,3.507,1.0
35.5_-76.6,15,72829.81,6930442.0,Hurricane Isabel,2003,6,7739.0,27.4482,1052.9424,35.5,-76.60000000000001,Beaufort,294.0,6.439303401360544,6.8446,2.3603187074829934,57939.93525179856,21869.0,16107302.0,1336.4928057553957,7.816546762589928,0.9591836734693876,0.0,0.0544217687074829,123.21000000000004,2.3861699537375207,False,0.0105086818416487,11.195894358940585,0.2114937780761088,3.4958,1.0
35.5_-76.7,4,34005.76,203188.0,Hurricane Isabel,2003,6,7739.0,27.4482,1052.9424,35.5,-76.7,Beaufort,2042.0,5.110162830558276,4.1800999999999995,2.3598378060724783,109865.1436605317,40580.0,214896221.0,2204.1728016359916,10.40235173824131,0.9378060724779628,0.0,0.0421155729676787,123.21000000000004,16.573330086843594,False,0.167361064629801,10.434314607364932,0.0572736476077292,3.4564,1.0
35.5_-77.0,1,5943.14,294570.0,Hurricane Isabel,2003,6,7739.0,27.4482,1052.9424,35.5,-77.0,Beaufort,2357.0,26.98558413237166,30.4012,2.39552706830717,93460.66352739726,36445.0,218324110.0,2223.652397260274,10.847174657534246,0.9745439117522274,0.0,0.0089096308867204,123.21000000000004,19.12994075156237,False,0.0201756458566724,8.690161139283077,0.026289536333749,3.9165,0.9979
35.5_-77.1,5,53193.21,1260657.0,Hurricane Isabel,2003,6,7739.0,27.4482,1052.9424,35.5,-77.10000000000001,Beaufort,7901.0,15.709383483100872,11.286,2.3712238957106697,149120.64549180327,70563.5,1164334000.0,3951.7631915983607,9.958886454440004,0.9374762688267309,0.0,0.0117706619415263,123.21000000000004,64.12628845061276,False,0.0421948317424961,10.881704834820356,0.1008809320829781,3.843,1.0
35.7_-77.1,1,26483.5,100962.0,Hurricane Isabel,2003,6,7739.0,27.4482,1052.9424,35.7,-77.10000000000001,Beaufort,22.0,58.60473636363636,58.793400000000005,2.4000000000000012,30175.52380952381,17388.0,633686.0,1319.857142857143,12.714285714285714,1.0,0.0,0.0454545454545454,123.21000000000004,0.178556935313692,False,0.2623115627661893,10.184314935189889,0.0,3.4465,1.0
35.8_-77.5,1,2733.91,81667.0,Hurricane Isabel,2003,6,7739.0,27.4482,1052.9424,35.800000000000004,-77.5,Edgecombe,1520.0,51.957539473684214,50.35,2.4,64072.506915629325,31789.0,92648845.0,2007.4917012448136,39.03412256267409,0.9013157894736842,0.0,0.0486842105263157,123.21000000000004,12.33666098530963,False,0.0334763123415822,7.913853807550474,0.0,3.3888,1.0
35.8_-77.6,1,814.39,200000.0,Hurricane Isabel,2003,6,7739.0,27.4482,1052.9424,35.800000000000004,-77.60000000000001,Edgecombe,4109.0,65.96615234850329,61.64,2.4,170311.65577566245,51592.0,662001406.0,2428.7200926164137,37.220238095238095,0.9467023606716964,0.0,0.0540277439766366,123.21000000000004,33.3495657819982,False,0.0040719499999999,6.703666526390402,0.0,3.8157,1.0
35.9_-77.8,2,3414.08,151215.0,Hurricane Isabel,2003,6,7739.0,27.4482,1052.9424,35.9,-77.80000000000001,Edgecombe,10233.0,103.17359914003713,106.52,2.4,92703.76492294334,46577.5,854172490.0,1864.6691990449317,52.209135399673734,0.966383269813349,0.0,0.0995797908726668,123.21000000000004,83.0533235938641,False,0.0225776543332341,8.135956197791998,8.407600470825626e-06,3.6992,1.0
35.2_-76.7,4,21820.5,363558.0,Hurricane Bonnie,1998,7,1541.0,1.4562,3.3174,35.2,-76.7,Beaufort,89.0,4.686680898876404,4.9836,2.361212359550562,111209.14942528737,51225.0,9675196.0,2129.4827586206898,9.517241379310343,0.9775280898876404,0.0,0.0224719101123595,123.21000000000004,0.7223439655872086,False,0.0600193091611242,9.990651001295593,0.0,3.4472,1.0
35.2_-76.8,1,3529.63,55934.0,Hurricane Bonnie,1998,7,1541.0,1.4562,3.3174,35.2,-76.80000000000001,Beaufort,451.0,8.00691485587583,8.5001,2.383531707317073,183913.3317535545,27967.0,77611426.0,1747.5,9.54739336492891,0.9645232815964524,0.0,0.0643015521064301,123.21000000000004,3.6604171739306866,False,0.0631034791003682,8.169231604258378,0.0,3.3014,1.0
35.2_-77.6,1,2443.21,111802.0,Hurricane Bonnie,1998,7,1541.0,1.4562,3.3174,35.2,-77.60000000000001,Lenoir,9133.0,58.4259503339538,58.9891,2.321854201248221,209963.4498027181,41558.5,1915706516.0,2926.780688294607,47.74004400440044,0.937588963100843,0.0,0.0009854374247235,123.21000000000004,74.12547682817952,False,0.0218530079962791,7.801477241313753,0.0,3.5992,0.9942
35.2_-78.1,1,2821.26,76544.0,Hurricane Bonnie,1998,7,1541.0,1.4562,3.3174,35.2,-78.10000000000001,Wayne,7332.0,166.38124624931808,166.4448,2.4002565630114563,85328.7688307331,33063.0,508644791.0,3017.7049152826708,42.85890087660148,0.9614020731042008,0.0,0.1869885433715221,123.21000000000004,59.508156805454085,False,0.0368580163043478,7.945293261407591,0.0,3.595,1.0
35.3_-76.6,48,344486.67,3232992.0,Hurricane Bonnie,1998,7,1541.0,1.4562,3.3174,35.300000000000004,-76.60000000000001,Beaufort,53.0,6.3251622641509435,4.0691,2.380303773584906,72776.98076923077,44083.0,3784403.0,1511.326923076923,9.057692307692308,0.981132075471698,0.0,0.0188679245283018,123.21000000000004,0.430159889619349,False,0.1065535176084568,12.749813577793883,0.0,3.203,1.0
35.3_-76.7,18,119623.25,1314060.0,Hurricane Bonnie,1998,7,1541.0,1.4562,3.3174,35.300000000000004,-76.7,Beaufort,482.0,4.002392531120332,3.83345,2.381682572614108,52057.79609544468,30512.0,23998644.0,1538.479392624729,10.663774403470716,0.9896265560165975,0.0,0.0435684647302904,123.21000000000004,3.9120201282363434,False,0.0910333242013302,11.692110859143124,2.7106882437450867e-05,3.4528,1.0
35.3_-76.8,21,103330.79,1696536.0,Hurricane Bonnie,1998,7,1541.0,1.4562,3.3174,35.300000000000004,-76.80000000000001,Beaufort,818.0,7.700108312958435,7.556649999999999,2.37438826405868,79860.23691099476,26958.0,61013221.0,3807.1832460732985,10.557591623036648,0.910757946210269,0.0,0.0660146699266503,123.21000000000004,6.639071503936367,False,0.0609069244625519,11.545700352197812,0.0,3.4384,1.0
35.3_-77.0,9,103439.85,489290.0,Hurricane Bonnie,1998,7,1541.0,1.4562,3.3174,35.300000000000004,-77.0,Beaufort,440.0,30.87710886363637,32.2782,2.4000034090909086,52933.54587155963,26641.0,23079026.0,2166.2522935779816,12.279816513761467,0.975,0.0,0.009090909090909,123.21000000000004,3.57113870627384,False,0.2114080606593227,11.54675523073603,0.0,3.4472,1.0
35.4_-76.6,323,2177295.22,1379379132.0,Hurricane Bonnie,1998,7,1541.0,1.4562,3.3174,35.4,-76.60000000000001,Beaufort,91.0,3.0146582417582413,2.9356,2.3746615384615386,80406.74157303371,53886.0,7156200.0,2009.4719101123596,9.752808988764045,0.978021978021978,0.0,0.0219780219780219,123.21000000000004,0.7385764142520898,False,0.0015784603155791,14.59359439894374,0.0002863464792398,3.4283,1.0
35.4_-76.7,40,230969.01,3520418.0,Hurricane Bonnie,1998,7,1541.0,1.4562,3.3174,35.4,-76.7,Beaufort,1147.0,5.735229293809939,5.6439,2.363406887532694,66952.36756756756,41365.5,74317128.0,1806.744144144144,10.486486486486486,0.979075850043592,0.0,0.032258064516129,123.21000000000004,9.309309309309306,False,0.0656084050246306,12.35004315423587,0.0046449007068327,3.578,0.9987
35.4_-76.8,19,65732.04,1494906.0,Hurricane Bonnie,1998,7,1541.0,1.4562,3.3174,35.4,-76.80000000000001,Beaufort,875.0,8.831337942857143,8.6925,2.356228342857143,75712.7327790974,50688.0,63750121.0,1946.0653206650832,9.805225653206652,0.968,0.0,0.0377142857142857,123.21000000000004,7.101696290885478,False,0.043970684444373,11.09335696999796,0.0068523336318789,3.8607,1.0
35.4_-77.0,366,3320240.77,38745955.0,Hurricane Bonnie,1998,7,1541.0,1.4562,3.3174,35.4,-77.0,Beaufort,1640.0,15.119147987804878,10.731000000000002,2.373973536585366,111025.57685009488,93108.0,175531437.0,2339.954430379747,9.776723592662872,0.9810975609756096,0.0,0.0359756097560975,123.21000000000004,13.310607905202495,False,0.0856925779736233,15.015548160530413,0.0,4.3088,1.0
35.4_-77.1,62,775979.62,7794635.0,Hurricane Bonnie,1998,7,1541.0,1.4562,3.3174,35.4,-77.10000000000001,Beaufort,1327.0,31.685237226827432,32.0049,2.3880018839487565,158639.60652009098,60262.0,209245641.0,2984.054586808188,10.206974981046248,0.958553127354936,0.0,0.0060286360211002,123.21000000000004,10.770229689148604,False,0.09955304129058,13.561882824626691,0.0,3.4604,1.0
35.5_-76.5,5,29462.61,418752.0,Hurricane Bonnie,1998,7,1541.0,1.4562,3.3174,35.5,-76.5,Beaufort,49.0,3.0514102040816327,2.8291,2.371479591836734,87156.14893617021,76834.0,4096339.0,1777.5531914893618,10.063829787234043,1.0,0.0,0.0408163265306122,123.21000000000004,0.3976949922895867,False,0.0703581356029344,10.290911221545308,0.0,3.507,1.0
35.5_-76.6,17,70586.17,1178900.0,Hurricane Bonnie,1998,7,1541.0,1.4562,3.3174,35.5,-76.60000000000001,Beaufort,294.0,6.439303401360544,6.8446,2.3603187074829934,57939.93525179856,21869.0,16107302.0,1336.4928057553957,7.816546762589928,0.9591836734693876,0.0,0.0544217687074829,123.21000000000004,2.3861699537375207,False,0.0598746034438883,11.164603678921466,0.006006781294642,3.4958,1.0
35.5_-76.7,4,16104.760000000002,169212.0,Hurricane Bonnie,1998,7,1541.0,1.4562,3.3174,35.5,-76.7,Beaufort,2042.0,5.110162830558276,4.1800999999999995,2.3598378060724783,109865.1436605317,40580.0,214896221.0,2204.1728016359916,10.40235173824131,0.9378060724779628,0.0,0.0421155729676787,123.21000000000004,16.573330086843594,False,0.0951750466869962,9.68693225096544,0.0026849773317487,3.4564,1.0
35.5_-77.0,12,63563.14,1867285.0,Hurricane Bonnie,1998,7,1541.0,1.4562,3.3174,35.5,-77.0,Beaufort,2357.0,26.98558413237166,30.4012,2.39552706830717,93460.66352739726,36445.0,218324110.0,2223.652397260274,10.847174657534246,0.9745439117522274,0.0,0.0089096308867204,123.21000000000004,19.12994075156237,False,0.034040406258284,11.059804753834664,0.0032535993651513,3.9165,0.9979
35.5_-77.1,6,57858.05,572366.0,Hurricane Bonnie,1998,7,1541.0,1.4562,3.3174,35.5,-77.10000000000001,Beaufort,7901.0,15.709383483100872,11.286,2.3712238957106697,149120.64549180327,70563.5,1164334000.0,3951.7631915983607,9.958886454440004,0.9374762688267309,0.0,0.0117706619415263,123.21000000000004,64.12628845061276,False,0.1010857563167623,10.96576515945306,0.0002152815452048,3.843,1.0
35.8_-77.8,1,7131.9,48770.0,Hurricane Bonnie,1998,7,1541.0,1.4562,3.3174,35.800000000000004,-77.80000000000001,Edgecombe,2201.0,115.30985915492958,119.97,2.4000000000000004,51941.74260216064,30627.0,110583970.0,1577.911695631752,37.96812559467174,0.9745570195365744,0.0,0.0327124034529759,123.21000000000004,17.86380975570164,False,0.1462353906089809,8.872473162833067,0.0,3.8374,1.0
