flood_ratio,mean_hag,pct_elevated,mean_age,res_ratio,bldg_density,mean_bldg_value,mean_sqft,areaSqKm_developed,loss_ratio
0.3694691015042688,3.5997,1.0,29.675078864353313,0.9664634146341464,2.6621215810404992,85937.27329192546,1650.1149068322982,119.1564,0.2738950276917418
0.1452116314958991,3.6441,1.0,38.77009803921569,0.9619140625,16.622027432838237,132720.7177734375,2089.14453125,119.1564,0.2449689766317486
0.0785345552042898,3.4353,1.0,35.133883704235465,0.943010752688172,22.644265887509125,166815.8340501792,2668.4372759856633,119.1564,0.060924020144515
0.2083220039426279,3.3161,0.9967,26.126648160999306,0.9786648313833448,23.58574791007223,135171.56743704726,1925.3932390479476,119.1564,0.1932549562433367
0.1009755058572949,3.6506,0.9997,28.760357971494862,0.975915539425932,24.600275951627296,131343.14955430836,2146.092769891053,119.1564,0.0563494942258662
0.0943270812206532,3.6204,0.9995,37.27407407407407,0.943952802359882,16.50840029218407,166836.43215339232,2618.4670599803344,119.1564,0.0952243783288097
0.0548345879708739,3.4116,0.9992,38.569131832797424,0.9273979862215156,15.315315315315312,154278.64952279956,2430.503711558855,119.1564,0.0250529047267521
0.0468017130038746,3.3389,0.9987,27.8,0.9645083932853716,16.922327733138538,127076.85590778098,2088.260806916426,119.1564,0.1924474767674584
0.0731880341880341,3.3782,0.9996,27.504720692368213,0.9590003904724717,20.78565051538024,109705.39359625148,1977.3545490042952,119.1564,0.2743076869342805
0.1057094017094017,3.1975,0.9972,29.95077565632458,0.9687868080094229,27.562697832968095,131107.38309776207,2158.270023557126,119.1564,0.2015713302879372
0.0907435897435897,3.221,0.9924,30.870734908136484,0.9760981912144704,25.12783053323593,113427.44893341952,2018.268907563025,119.1564,0.2307570787958595
0.0067512274959083,3.4196,0.9991,29.909739928607852,0.9678318135764944,32.042853664475274,174653.3988336714,2654.082910750507,119.1564,0.0322451906012635
0.0582849078532292,3.7665,1.0,40.046306504961414,0.8745945945945945,7.507507507507506,66555.27620087336,1700.8176855895197,119.1564,0.4985383647657452
0.0506996935189595,3.4472,1.0,9.517241379310343,0.9775280898876404,0.7223439655872086,111209.14942528737,2129.4827586206898,119.1564,0.084642200837275
0.0013750542246085,3.3014,1.0,9.54739336492891,0.9645232815964524,3.6604171739306866,183913.3317535545,1747.5,119.1564,0.1230630050146276
0.0794273744173145,3.5401,0.9989,44.32512315270936,0.9592326139088728,3.3844655466277076,64298.59375,1747.6225961538462,119.1564,0.1817569465145631
0.1219770153231179,3.5992,0.9942,47.74004400440044,0.937588963100843,74.12547682817952,209963.4498027181,2926.780688294607,119.1564,0.1165702761021154
0.161342438374417,3.6724,0.9992,34.118983152827916,0.9413864921154418,54.55725996266535,179777.86992840096,3619.206443914082,119.1564,0.0735961127279923
0.1755746169220519,3.8339,0.9965,32.63628034814475,0.948499776085983,18.12352893433974,192752.37078651684,1927.5177528089887,119.1564,0.1581533071181471
0.0947941533693512,3.5884,1.0,36.98557692307692,0.9411904761904762,34.088142196250296,64079.99552105106,1838.9038518960883,119.1564,0.1709505480589037
0.0342503739307261,3.595,1.0,42.85890087660148,0.9614020731042008,59.508156805454085,85328.7688307331,3017.7049152826708,119.1564,0.3857822626758399
0.0504634157701085,3.203,1.0,9.057692307692308,0.981132075471698,0.430159889619349,72776.98076923077,1511.326923076923,119.1564,0.0641210551652302
0.0314710905098804,3.4528,1.0,10.663774403470716,0.9896265560165975,3.9120201282363434,52057.79609544468,1538.479392624729,119.1564,0.102234765179114
0.0226723225578854,3.4384,1.0,10.557591623036648,0.910757946210269,6.639071503936367,79860.23691099476,3807.1832460732985,119.1564,0.1185375335175555
0.0,3.4472,1.0,12.279816513761467,0.975,3.57113870627384,52933.54587155963,2166.2522935779816,119.1564,0.039449482385298
0.028472706734443,3.6577,0.9978,33.683161953727506,0.9594510293200248,13.010307604902197,58720.58819836786,3903.7940991839296,119.1564,0.0763449976251339
0.0814619883040935,3.6235,1.0,31.671305500331343,0.9319973718791064,24.705786867949023,75903.22097994082,1954.4801052285432,119.1564,0.0757819465864367
0.0956002218375544,3.9767,0.997,48.13562375745527,0.9383829432309858,155.693531369207,188014.373758559,3733.365060761212,119.1564,0.0455609226914314
0.0097726165067307,3.9672,1.0,38.47515306848925,0.9556741703411464,69.94562129697263,135398.87072997875,3095.2269312544295,119.1564,0.3773115737588777
0.0226474033580632,3.4283,1.0,9.752808988764045,0.978021978021978,0.7385764142520898,80406.74157303371,2009.4719101123596,119.1564,0.1063830324325142
0.0443397284864804,3.578,0.9987,10.486486486486486,0.979075850043592,9.309309309309306,66952.36756756756,1806.744144144144,119.1564,0.1025970942254009
0.047411893490283,3.8607,1.0,9.805225653206652,0.968,7.101696290885478,75712.7327790974,1946.0653206650832,119.1564,0.0287967350099443
0.0076480013858213,4.3088,1.0,9.776723592662872,0.9810975609756096,13.310607905202495,111025.57685009488,2339.954430379747,119.1564,0.1211769070193477
0.0,3.4604,1.0,10.206974981046248,0.958553127354936,10.770229689148604,158639.60652009098,2984.054586808188,119.1564,0.0952278507136864
0.0429726232290808,3.8051,0.9958,38.00459395376408,0.957898440248622,69.20704488272054,123859.32457893234,3376.3588352840425,119.1564,0.022405535921961
0.0093419566779591,3.507,1.0,10.063829787234043,1.0,0.3976949922895867,87156.14893617021,1777.5531914893618,119.1564,0.09772546960302
0.0762293247964751,3.4958,1.0,7.816546762589928,0.9591836734693876,2.3861699537375207,57939.93525179856,1336.4928057553957,119.1564,0.01782301592698
0.0677406575993661,3.4564,1.0,10.40235173824131,0.9378060724779628,16.573330086843594,109865.1436605317,2204.1728016359916,119.1564,0.1571525303435877
0.0143878102559262,3.9345,1.0,10.807692307692308,0.9527687296416938,4.983361740118496,106074.245819398,2389.774247491639,119.1564,0.0200164397784956
0.0316404035823602,3.9165,0.9979,10.847174657534246,0.9745439117522274,19.12994075156237,93460.66352739726,2223.652397260274,119.1564,0.15451140893099
0.0410498850396548,3.843,1.0,9.958886454440004,0.9374762688267309,64.12628845061276,149120.64549180327,3951.7631915983607,119.1564,0.0065645691134797
1.6805875334016773e-05,3.7726,1.0,56.232945091514146,0.9565689467969598,29.900170440710973,61201.72377158034,2240.366533864542,119.1564,0.0639299331586945
0.4397360753489632,3.5997,1.0,29.675078864353313,0.9664634146341464,2.6621215810404992,85937.27329192546,1650.1149068322982,69.5457,0.2938115805950577
0.2033691109916595,3.6441,1.0,38.77009803921569,0.9619140625,16.622027432838237,132720.7177734375,2089.14453125,69.5457,0.0258447006083893
0.0651686742166553,3.4353,1.0,35.133883704235465,0.943010752688172,22.644265887509125,166815.8340501792,2668.4372759856633,69.5457,0.4732285083939321
0.1715213105839168,3.3161,0.9967,26.126648160999306,0.9786648313833448,23.58574791007223,135171.56743704726,1925.3932390479476,69.5457,0.2671237123173184
0.0901384451544196,3.6506,0.9997,28.760357971494862,0.975915539425932,24.600275951627296,131343.14955430836,2146.092769891053,69.5457,0.2340916080132098
0.1038629023323987,3.6204,0.9995,37.27407407407407,0.943952802359882,16.50840029218407,166836.43215339232,2618.4670599803344,69.5457,0.0870936040488539
0.0509737611311263,3.3389,0.9987,27.8,0.9645083932853716,16.922327733138538,127076.85590778098,2088.260806916426,69.5457,0.2248102414141583
0.1621794871794872,3.3782,0.9996,27.504720692368213,0.9590003904724717,20.78565051538024,109705.39359625148,1977.3545490042952,69.5457,0.2933290204069104
0.0661025641025641,3.1975,0.9972,29.95077565632458,0.9687868080094229,27.562697832968095,131107.38309776207,2158.270023557126,69.5457,0.1407000813218028
0.070068376068376,3.221,0.9924,30.870734908136484,0.9760981912144704,25.12783053323593,113427.44893341952,2018.268907563025,69.5457,0.0778582038984542
0.0927356110201854,3.4196,0.9991,29.909739928607852,0.9678318135764944,32.042853664475274,174653.3988336714,2654.082910750507,69.5457,0.1125035475536234
0.0203267178353494,3.5401,0.9989,44.32512315270936,0.9592326139088728,3.3844655466277076,64298.59375,1747.6225961538462,69.5457,0.2616656839767217
0.1300216522318454,3.5992,0.9942,47.74004400440044,0.937588963100843,74.12547682817952,209963.4498027181,2926.780688294607,69.5457,0.2202167536464643
0.1719770153231179,3.6724,0.9992,34.118983152827916,0.9413864921154418,54.55725996266535,179777.86992840096,3619.206443914082,69.5457,0.1491822833957506
0.1468854097268487,3.8339,0.9965,32.63628034814475,0.948499776085983,18.12352893433974,192752.37078651684,1927.5177528089887,69.5457,0.3861040702966528
0.0105624659714369,3.5884,1.0,36.98557692307692,0.9411904761904762,34.088142196250296,64079.99552105106,1838.9038518960883,69.5457,0.2553554910760991
0.0165958018923415,3.595,1.0,42.85890087660148,0.9614020731042008,59.508156805454085,85328.7688307331,3017.7049152826708,69.5457,0.4468786970585782
0.1617993953287484,3.6577,0.9978,33.683161953727506,0.9594510293200248,13.010307604902197,58720.58819836786,3903.7940991839296,69.5457,0.1753706004417966
0.1847469875468463,3.9767,0.997,48.13562375745527,0.9383829432309858,155.693531369207,188014.373758559,3733.365060761212,69.5457,0.1616140521203192
0.0629211972505588,3.9672,1.0,38.47515306848925,0.9556741703411464,69.94562129697263,135398.87072997875,3095.2269312544295,69.5457,0.4259055275183604
0.0,3.4283,1.0,9.752808988764045,0.978021978021978,0.7385764142520898,80406.74157303371,2009.4719101123596,69.5457,0.0421975617714706
2.2439133849433412e-05,3.578,0.9987,10.486486486486486,0.979075850043592,9.309309309309306,66952.36756756756,1806.744144144144,69.5457,0.2685134586428003
0.0,3.8607,1.0,9.805225653206652,0.968,7.101696290885478,75712.7327790974,1946.0653206650832,69.5457,0.0901392912172573
0.0,4.3088,1.0,9.776723592662872,0.9810975609756096,13.310607905202495,111025.57685009488,2339.954430379747,69.5457,0.0175243119010133
0.0,3.4604,1.0,10.206974981046248,0.958553127354936,10.770229689148604,158639.60652009098,2984.054586808188,69.5457,0.0823299909044986
0.1896459002067122,3.8051,0.9958,38.00459395376408,0.957898440248622,69.20704488272054,123859.32457893234,3376.3588352840425,69.5457,0.1696048119574847
0.1195233853755272,3.7922,0.9996,31.366860772895713,0.9703649019194264,76.95803912020126,138094.9198919892,2790.683039732545,69.5457,0.4276953040723259
0.0001204798540472,3.4958,1.0,7.816546762589928,0.9591836734693876,2.3861699537375207,57939.93525179856,1336.4928057553957,69.5457,0.1210270920280116
8.57949329512599e-06,3.9345,1.0,10.807692307692308,0.9527687296416938,4.983361740118496,106074.245819398,2389.774247491639,69.5457,0.1063053329070241
0.0002494048293844,3.9165,0.9979,10.847174657534246,0.9745439117522274,19.12994075156237,93460.66352739726,2223.652397260274,69.5457,0.0707377738944331
0.0031775556072231,3.843,1.0,9.958886454440004,0.9374762688267309,64.12628845061276,149120.64549180327,3951.7631915983607,69.5457,0.1692205129969982
0.014083323529906,3.7726,1.0,56.232945091514146,0.9565689467969598,29.900170440710973,61201.72377158034,2240.366533864542,69.5457,0.1038578495120261
0.1315085614298212,4.2475,1.0,68.88888888888889,0.9629629629629628,0.2191380569758947,56030.0,1673.148148148148,69.5457,0.0413734892803787
0.0295739348370927,3.7068,1.0,35.97784810126582,0.9779086892488954,5.510916321727131,56718.85780525502,1557.2132921174652,69.5457,0.2968799899199322
0.0084646329198793,3.8063,1.0,48.06941431670282,0.97330169089291,27.35979222465708,55245.05808236017,1600.5955746773202,69.5457,0.1869598122927104
0.1287839020122484,3.3888,1.0,39.03412256267409,0.9013157894736842,12.33666098530963,64072.506915629325,2007.4917012448136,69.5457,0.3642878838846981
0.1381830372108615,3.8157,1.0,37.220238095238095,0.9467023606716964,33.3495657819982,170311.65577566245,2428.7200926164137,69.5457,0.1017091965516234
0.0331964465303385,3.851,1.0,35.219613980177364,0.9650872817955112,16.273029786543294,54019.927385892115,1809.3023858921165,69.5457,0.0572907234563851
0.0179250042038002,3.8374,1.0,37.96812559467174,0.9745570195365744,17.86380975570164,51941.74260216064,1577.911695631752,69.5457,0.2409295385942216
0.1821806509855058,3.5793,1.0,44.328605200945624,0.960655737704918,7.4263452641831,77490.8608490566,1850.944575471698,69.5457,0.1911898687521033
0.0933623868588669,3.8441,1.0,49.55605285592498,0.9537797863599012,39.50978005032058,92090.73709813876,2917.993866328258,69.5457,0.279594758266476
0.0363208340339667,3.8227,1.0,32.71838111298482,0.9476117103235748,10.534859183507828,77476.90575479566,1929.6630525437863,69.5457,0.0479797054320606
0.0165881957289389,3.6992,1.0,52.209135399673734,0.966383269813349,83.0533235938641,92703.76492294334,1864.6691990449317,69.5457,0.1784207996786591
2.5409947147309933e-05,3.5997,1.0,29.675078864353313,0.9664634146341464,2.6621215810404992,85937.27329192546,1650.1149068322982,63.5913,0.0058954545454545
0.0,3.3161,0.9967,26.126648160999306,0.9786648313833448,23.58574791007223,135171.56743704726,1925.3932390479476,63.5913,0.0515943090015784
0.0,3.6506,0.9997,28.760357971494862,0.975915539425932,24.600275951627296,131343.14955430836,2146.092769891053,63.5913,0.2599536858355847
0.0087944395350418,3.3389,0.9987,27.8,0.9645083932853716,16.922327733138538,127076.85590778098,2088.260806916426,63.5913,0.0506408215123555
4.980906524987548e-05,3.7665,1.0,40.046306504961414,0.8745945945945945,7.507507507507506,66555.27620087336,1700.8176855895197,63.5913,0.007297255095332
4.493856897620952e-05,3.4472,1.0,9.517241379310343,0.9775280898876404,0.7223439655872086,111209.14942528737,2129.4827586206898,63.5913,0.0923544343077018
0.0,3.3014,1.0,9.54739336492891,0.9645232815964524,3.6604171739306866,183913.3317535545,1747.5,63.5913,0.0818230976457267
0.0238787186302027,3.5401,0.9989,44.32512315270936,0.9592326139088728,3.3844655466277076,64298.59375,1747.6225961538462,63.5913,0.497731040970628
0.1183377748167888,3.5992,0.9942,47.74004400440044,0.937588963100843,74.12547682817952,209963.4498027181,2926.780688294607,63.5913,0.0099447093424524
0.0591189207195203,3.6724,0.9992,34.118983152827916,0.9413864921154418,54.55725996266535,179777.86992840096,3619.206443914082,63.5913,0.1139847959969207
0.0152481678880746,3.8339,0.9965,32.63628034814475,0.948499776085983,18.12352893433974,192752.37078651684,1927.5177528089887,63.5913,0.7257917724852745
0.0007371110273484,3.5884,1.0,36.98557692307692,0.9411904761904762,34.088142196250296,64079.99552105106,1838.9038518960883,63.5913,0.4748531613261914
0.0013780817773893,3.595,1.0,42.85890087660148,0.9614020731042008,59.508156805454085,85328.7688307331,3017.7049152826708,63.5913,0.4471780459601893
0.0002864557004684,3.6331,1.0,47.208548614372944,0.9061651803024428,20.93174255336417,75577.74122601778,2164.915301824988,63.5913,0.3720094425830033
6.98616738857063e-05,3.203,1.0,9.057692307692308,0.981132075471698,0.430159889619349,72776.98076923077,1511.326923076923,63.5913,0.1480076208010857
0.0002078194320204,3.4528,1.0,10.663774403470716,0.9896265560165975,3.9120201282363434,52057.79609544468,1538.479392624729,63.5913,0.1294347218892425
7.74386728732329e-05,3.4384,1.0,10.557591623036648,0.910757946210269,6.639071503936367,79860.23691099476,3807.1832460732985,63.5913,0.0770517767090318
0.0,3.4472,1.0,12.279816513761467,0.975,3.57113870627384,52933.54587155963,2166.2522935779816,63.5913,0.0496325691068462
0.19459118243131,3.6577,0.9978,33.683161953727506,0.9594510293200248,13.010307604902197,58720.58819836786,3903.7940991839296,63.5913,0.4220595948939379
0.017844611528822,3.6235,1.0,31.671305500331343,0.9319973718791064,24.705786867949023,75903.22097994082,1954.4801052285432,63.5913,0.6402272206959707
0.1746382535334353,3.9767,0.997,48.13562375745527,0.9383829432309858,155.693531369207,188014.373758559,3733.365060761212,63.5913,0.2101521453222552
0.0155538376216325,3.9672,1.0,38.47515306848925,0.9556741703411464,69.94562129697263,135398.87072997875,3095.2269312544295,63.5913,0.4439931877344832
0.0101522842639593,3.4283,1.0,9.752808988764045,0.978021978021978,0.7385764142520898,80406.74157303371,2009.4719101123596,63.5913,0.0999143742835355
0.0004487826769886,3.578,0.9987,10.486486486486486,0.979075850043592,9.309309309309306,66952.36756756756,1806.744144144144,63.5913,0.0828944277259795
0.0004407102543324,3.8607,1.0,9.805225653206652,0.968,7.101696290885478,75712.7327790974,1946.0653206650832,63.5913,0.0458601892624887
0.0034732146723831,4.3088,1.0,9.776723592662872,0.9810975609756096,13.310607905202495,111025.57685009488,2339.954430379747,63.5913,0.0747868285503845
0.0115743027429286,3.4604,1.0,10.206974981046248,0.958553127354936,10.770229689148604,158639.60652009098,2984.054586808188,63.5913,0.0702197541797371
0.0276372619867905,3.7922,0.9996,31.366860772895713,0.9703649019194264,76.95803912020126,138094.9198919892,2790.683039732545,63.5913,0.0300488887245294
0.0002395373507169,3.507,1.0,10.063829787234043,1.0,0.3976949922895867,87156.14893617021,1777.5531914893618,63.5913,0.1258089022946383
0.0098449252164334,3.4958,1.0,7.816546762589928,0.9591836734693876,2.3861699537375207,57939.93525179856,1336.4928057553957,63.5913,0.0883133814504539
0.0007658787798758,3.4564,1.0,10.40235173824131,0.9378060724779628,16.573330086843594,109865.1436605317,2204.1728016359916,63.5913,0.2181362812739563
0.0150436458451422,3.9165,0.9979,10.847174657534246,0.9745439117522274,19.12994075156237,93460.66352739726,2223.652397260274,63.5913,0.0566887912699008
0.0373900987711729,3.843,1.0,9.958886454440004,0.9374762688267309,64.12628845061276,149120.64549180327,3951.7631915983607,63.5913,0.1985151668852215
0.033145856767904,4.2475,1.0,68.88888888888889,0.9629629629629628,0.2191380569758947,56030.0,1673.148148148148,63.5913,0.6682807379402873
4.177109440267335e-05,3.7068,1.0,35.97784810126582,0.9779086892488954,5.510916321727131,56718.85780525502,1557.2132921174652,63.5913,0.5576077007965135
0.0,3.8063,1.0,48.06941431670282,0.97330169089291,27.35979222465708,55245.05808236017,1600.5955746773202,63.5913,0.2493244654685615
0.0357705286839145,3.3888,1.0,39.03412256267409,0.9013157894736842,12.33666098530963,64072.506915629325,2007.4917012448136,63.5913,0.4331321293917053
0.0037881327522628,3.8157,1.0,37.220238095238095,0.9467023606716964,33.3495657819982,170311.65577566245,2428.7200926164137,63.5913,0.1731376787125824
0.0010476030841434,3.851,1.0,35.219613980177364,0.9650872817955112,16.273029786543294,54019.927385892115,1809.3023858921165,63.5913,0.6303985753130166
0.0005549016310744,3.8374,1.0,37.96812559467174,0.9745570195365744,17.86380975570164,51941.74260216064,1577.911695631752,63.5913,0.0603137387953481
0.0089171974522292,3.8441,1.0,49.55605285592498,0.9537797863599012,39.50978005032058,92090.73709813876,2917.993866328258,63.5913,0.3026956775262021
0.0016815200941651,3.8227,1.0,32.71838111298482,0.9476117103235748,10.534859183507828,77476.90575479566,1929.6630525437863,63.5913,0.4088223778476144
0.0434168488313435,3.6992,1.0,52.209135399673734,0.966383269813349,83.0533235938641,92703.76492294334,1864.6691990449317,63.5913,0.4058297096327219
0.0308907723142464,3.4472,1.0,9.517241379310343,0.9775280898876404,0.7223439655872086,111209.14942528737,2129.4827586206898,10.3977,0.3046899020808227
0.0005320150273783,3.3014,1.0,9.54739336492891,0.9645232815964524,3.6604171739306866,183913.3317535545,1747.5,10.3977,0.213691595233587
0.0,3.5401,0.9989,44.32512315270936,0.9592326139088728,3.3844655466277076,64298.59375,1747.6225961538462,10.3977,0.0702069841269841
0.0,3.5992,0.9942,47.74004400440044,0.937588963100843,74.12547682817952,209963.4498027181,2926.780688294607,10.3977,0.0756353548356337
0.0438847748125378,3.203,1.0,9.057692307692308,0.981132075471698,0.430159889619349,72776.98076923077,1511.326923076923,10.3977,0.2510223386972453
0.0133727286691424,3.4528,1.0,10.663774403470716,0.9896265560165975,3.9120201282363434,52057.79609544468,1538.479392624729,10.3977,0.2789824922762863
0.0043451699778869,3.4384,1.0,10.557591623036648,0.910757946210269,6.639071503936367,79860.23691099476,3807.1832460732985,10.3977,0.1734964821295485
0.0,3.4472,1.0,12.279816513761467,0.975,3.57113870627384,52933.54587155963,2166.2522935779816,10.3977,0.057852347913421
0.0,3.6577,0.9978,33.683161953727506,0.9594510293200248,13.010307604902197,58720.58819836786,3903.7940991839296,10.3977,0.0272409592038093
0.0354809319276324,3.4283,1.0,9.752808988764045,0.978021978021978,0.7385764142520898,80406.74157303371,2009.4719101123596,10.3977,0.1072977572318128
0.0272186693593627,3.578,0.9987,10.486486486486486,0.979075850043592,9.309309309309306,66952.36756756756,1806.744144144144,10.3977,0.1374064302193049
0.0028432919634352,3.8607,1.0,9.805225653206652,0.968,7.101696290885478,75712.7327790974,1946.0653206650832,10.3977,0.1324243743414337
0.0003291325624702,4.3088,1.0,9.776723592662872,0.9810975609756096,13.310607905202495,111025.57685009488,2339.954430379747,10.3977,0.0871762580233148
0.0,3.4604,1.0,10.206974981046248,0.958553127354936,10.770229689148604,158639.60652009098,2984.054586808188,10.3977,0.0687514558321338
0.0018934857247145,3.507,1.0,10.063829787234043,1.0,0.3976949922895867,87156.14893617021,1777.5531914893618,10.3977,0.0849955187358892
0.0116004888039792,3.4958,1.0,7.816546762589928,0.9591836734693876,2.3861699537375207,57939.93525179856,1336.4928057553957,10.3977,0.062687833917581
0.0018134600994762,3.4564,1.0,10.40235173824131,0.9378060724779628,16.573330086843594,109865.1436605317,2204.1728016359916,10.3977,0.1694862798596581
0.007040018138533,3.9165,0.9979,10.847174657534246,0.9745439117522274,19.12994075156237,93460.66352739726,2223.652397260274,10.3977,0.0605632481700368
0.0011280752968732,3.843,1.0,9.958886454440004,0.9374762688267309,64.12628845061276,149120.64549180327,3951.7631915983607,10.3977,0.0398240910823856
0.0,3.7068,1.0,35.97784810126582,0.9779086892488954,5.510916321727131,56718.85780525502,1557.2132921174652,10.3977,0.0308406974799286
0.0,3.8063,1.0,48.06941431670282,0.97330169089291,27.35979222465708,55245.05808236017,1600.5955746773202,10.3977,0.0057606387888858
0.0,3.8374,1.0,37.96812559467174,0.9745570195365744,17.86380975570164,51941.74260216064,1577.911695631752,10.3977,0.1256761277439933
8.407600470825626e-06,3.6992,1.0,52.209135399673734,0.966383269813349,83.0533235938641,92703.76492294334,1864.6691990449317,10.3977,0.0148695908094503
0.0,3.3161,0.9967,26.126648160999306,0.9786648313833448,23.58574791007223,135171.56743704726,1925.3932390479476,23.751,0.0246097337006427
0.0,3.4601,0.9991,27.634208840486867,0.9813054499366286,25.614803993182363,185430.90721321895,2406.1242453129967,23.751,0.3168687700045725
0.0,3.4472,1.0,9.517241379310343,0.9775280898876404,0.7223439655872086,111209.14942528737,2129.4827586206898,23.751,0.0455797900729407
0.0,3.3014,1.0,9.54739336492891,0.9645232815964524,3.6604171739306866,183913.3317535545,1747.5,23.751,0.169356729512787
0.0,3.5401,0.9989,44.32512315270936,0.9592326139088728,3.3844655466277076,64298.59375,1747.6225961538462,23.751,0.1393122254485891
0.0061792138574283,3.5992,0.9942,47.74004400440044,0.937588963100843,74.12547682817952,209963.4498027181,2926.780688294607,23.751,0.2130579868211425
0.0,3.8339,0.9965,32.63628034814475,0.948499776085983,18.12352893433974,192752.37078651684,1927.5177528089887,23.751,0.1066614382392005
0.0,3.5884,1.0,36.98557692307692,0.9411904761904762,34.088142196250296,64079.99552105106,1838.9038518960883,23.751,0.1466608578623298
0.0,3.595,1.0,42.85890087660148,0.9614020731042008,59.508156805454085,85328.7688307331,3017.7049152826708,23.751,0.4087357142857143
0.0,3.6331,1.0,47.208548614372944,0.9061651803024428,20.93174255336417,75577.74122601778,2164.915301824988,23.751,0.0582948468036187
0.0,3.203,1.0,9.057692307692308,0.981132075471698,0.430159889619349,72776.98076923077,1511.326923076923,23.751,0.1380526017334485
0.0,3.4528,1.0,10.663774403470716,0.9896265560165975,3.9120201282363434,52057.79609544468,1538.479392624729,23.751,0.1524743505168956
0.0,3.4384,1.0,10.557591623036648,0.910757946210269,6.639071503936367,79860.23691099476,3807.1832460732985,23.751,0.0757089056490684
0.0,3.4472,1.0,12.279816513761467,0.975,3.57113870627384,52933.54587155963,2166.2522935779816,23.751,0.1194124935688022
0.0131590003865351,3.9767,0.997,48.13562375745527,0.9383829432309858,155.693531369207,188014.373758559,3733.365060761212,23.751,0.2231127103788037
0.0001008352520041,3.9672,1.0,38.47515306848925,0.9556741703411464,69.94562129697263,135398.87072997875,3095.2269312544295,23.751,0.3836488275862069
2.6031498112716383e-05,3.4283,1.0,9.752808988764045,0.978021978021978,0.7385764142520898,80406.74157303371,2009.4719101123596,23.751,0.1886022106844017
4.4878267698866824e-05,3.578,0.9987,10.486486486486486,0.979075850043592,9.309309309309306,66952.36756756756,1806.744144144144,23.751,0.1320850167389134
0.0001563810579889,3.8607,1.0,9.805225653206652,0.968,7.101696290885478,75712.7327790974,1946.0653206650832,23.751,0.0976331357623036
5.196829933740418e-05,4.3088,1.0,9.776723592662872,0.9810975609756096,13.310607905202495,111025.57685009488,2339.954430379747,23.751,0.0803229500899936
0.0,3.4604,1.0,10.206974981046248,0.958553127354936,10.770229689148604,158639.60652009098,2984.054586808188,23.751,0.0038314351641775
0.0,3.507,1.0,10.063829787234043,1.0,0.3976949922895867,87156.14893617021,1777.5531914893618,23.751,0.0825979922810411
0.0062993752258997,3.4958,1.0,7.816546762589928,0.9591836734693876,2.3861699537375207,57939.93525179856,1336.4928057553957,23.751,0.1937245969386667
7.042563493111493e-05,3.4564,1.0,10.40235173824131,0.9378060724779628,16.573330086843594,109865.1436605317,2204.1728016359916,23.751,0.1612060403841032
0.005090125836073,3.9165,0.9979,10.847174657534246,0.9745439117522274,19.12994075156237,93460.66352739726,2223.652397260274,23.751,0.1019009683780877
0.0005166757084915,3.843,1.0,9.958886454440004,0.9374762688267309,64.12628845061276,149120.64549180327,3951.7631915983607,23.751,0.0876427820235303
0.0,3.851,1.0,35.219613980177364,0.9650872817955112,16.273029786543294,54019.927385892115,1809.3023858921165,23.751,0.0109345794392523
0.0,3.8374,1.0,37.96812559467174,0.9745570195365744,17.86380975570164,51941.74260216064,1577.911695631752,23.751,0.212752064509861
0.0,3.8227,1.0,32.71838111298482,0.9476117103235748,10.534859183507828,77476.90575479566,1929.6630525437863,23.751,0.0606836516145401
3.3630401883302503e-05,3.6992,1.0,52.209135399673734,0.966383269813349,83.0533235938641,92703.76492294334,1864.6691990449317,23.751,0.0351708579390883
0.0384314641884543,3.4472,1.0,9.517241379310343,0.9775280898876404,0.7223439655872086,111209.14942528737,2129.4827586206898,27.4482,0.0484036681667657
0.0015141966163844,3.3014,1.0,9.54739336492891,0.9645232815964524,3.6604171739306866,183913.3317535545,1747.5,27.4482,0.0515321965652929
0.0135648083461413,3.203,1.0,9.057692307692308,0.981132075471698,0.430159889619349,72776.98076923077,1511.326923076923,27.4482,0.1442784172660343
0.0022137287323918,3.4528,1.0,10.663774403470716,0.9896265560165975,3.9120201282363434,52057.79609544468,1538.479392624729,27.4482,0.1041134836370103
0.014730556439886,3.4384,1.0,10.557591623036648,0.910757946210269,6.639071503936367,79860.23691099476,3807.1832460732985,27.4482,0.0424972004176137
0.0,3.4472,1.0,12.279816513761467,0.975,3.57113870627384,52933.54587155963,2166.2522935779816,27.4482,0.071255354128521
0.231107640244696,3.4283,1.0,9.752808988764045,0.978021978021978,0.7385764142520898,80406.74157303371,2009.4719101123596,27.4482,0.0601299266989717
0.0824862560305172,3.578,0.9987,10.486486486486486,0.979075850043592,9.309309309309306,66952.36756756756,1806.744144144144,27.4482,0.0635386106838535
0.0790577330433175,3.8607,1.0,9.805225653206652,0.968,7.101696290885478,75712.7327790974,1946.0653206650832,27.4482,0.0394522883066349
0.0065480057165129,4.3088,1.0,9.776723592662872,0.9810975609756096,13.310607905202495,111025.57685009488,2339.954430379747,27.4482,0.0567540987828606
0.0,3.4604,1.0,10.206974981046248,0.958553127354936,10.770229689148604,158639.60652009098,2984.054586808188,27.4482,0.0519405668625732
0.4396993235921477,3.507,1.0,10.063829787234043,1.0,0.3976949922895867,87156.14893617021,1777.5531914893618,27.4482,0.0703868521435617
0.2114937780761088,3.4958,1.0,7.816546762589928,0.9591836734693876,2.3861699537375207,57939.93525179856,1336.4928057553957,27.4482,0.0105086818416487
0.0572736476077292,3.4564,1.0,10.40235173824131,0.9378060724779628,16.573330086843594,109865.1436605317,2204.1728016359916,27.4482,0.167361064629801
0.026289536333749,3.9165,0.9979,10.847174657534246,0.9745439117522274,19.12994075156237,93460.66352739726,2223.652397260274,27.4482,0.0201756458566724
0.1008809320829781,3.843,1.0,9.958886454440004,0.9374762688267309,64.12628845061276,149120.64549180327,3951.7631915983607,27.4482,0.0421948317424961
0.0,3.4465,1.0,12.714285714285714,1.0,0.178556935313692,30175.52380952381,1319.857142857143,27.4482,0.2623115627661893
0.0,3.3888,1.0,39.03412256267409,0.9013157894736842,12.33666098530963,64072.506915629325,2007.4917012448136,27.4482,0.0334763123415822
0.0,3.8157,1.0,37.220238095238095,0.9467023606716964,33.3495657819982,170311.65577566245,2428.7200926164137,27.4482,0.0040719499999999
8.407600470825626e-06,3.6992,1.0,52.209135399673734,0.966383269813349,83.0533235938641,92703.76492294334,1864.6691990449317,27.4482,0.0225776543332341
0.0,3.4472,1.0,9.517241379310343,0.9775280898876404,0.7223439655872086,111209.14942528737,2129.4827586206898,1.4562,0.0600193091611242
0.0,3.3014,1.0,9.54739336492891,0.9645232815964524,3.6604171739306866,183913.3317535545,1747.5,1.4562,0.0631034791003682
0.0,3.5992,0.9942,47.74004400440044,0.937588963100843,74.12547682817952,209963.4498027181,2926.780688294607,1.4562,0.0218530079962791
0.0,3.595,1.0,42.85890087660148,0.9614020731042008,59.508156805454085,85328.7688307331,3017.7049152826708,1.4562,0.0368580163043478
0.0,3.203,1.0,9.057692307692308,0.981132075471698,0.430159889619349,72776.98076923077,1511.326923076923,1.4562,0.1065535176084568
2.7106882437450867e-05,3.4528,1.0,10.663774403470716,0.9896265560165975,3.9120201282363434,52057.79609544468,1538.479392624729,1.4562,0.0910333242013302
0.0,3.4384,1.0,10.557591623036648,0.910757946210269,6.639071503936367,79860.23691099476,3807.1832460732985,1.4562,0.0609069244625519
0.0,3.4472,1.0,12.279816513761467,0.975,3.57113870627384,52933.54587155963,2166.2522935779816,1.4562,0.2114080606593227
0.0002863464792398,3.4283,1.0,9.752808988764045,0.978021978021978,0.7385764142520898,80406.74157303371,2009.4719101123596,1.4562,0.0015784603155791
0.0046449007068327,3.578,0.9987,10.486486486486486,0.979075850043592,9.309309309309306,66952.36756756756,1806.744144144144,1.4562,0.0656084050246306
0.0068523336318789,3.8607,1.0,9.805225653206652,0.968,7.101696290885478,75712.7327790974,1946.0653206650832,1.4562,0.043970684444373
0.0,4.3088,1.0,9.776723592662872,0.9810975609756096,13.310607905202495,111025.57685009488,2339.954430379747,1.4562,0.0856925779736233
0.0,3.4604,1.0,10.206974981046248,0.958553127354936,10.770229689148604,158639.60652009098,2984.054586808188,1.4562,0.09955304129058
0.0,3.507,1.0,10.063829787234043,1.0,0.3976949922895867,87156.14893617021,1777.5531914893618,1.4562,0.0703581356029344
0.006006781294642,3.4958,1.0,7.816546762589928,0.9591836734693876,2.3861699537375207,57939.93525179856,1336.4928057553957,1.4562,0.0598746034438883
0.0026849773317487,3.4564,1.0,10.40235173824131,0.9378060724779628,16.573330086843594,109865.1436605317,2204.1728016359916,1.4562,0.0951750466869962
0.0032535993651513,3.9165,0.9979,10.847174657534246,0.9745439117522274,19.12994075156237,93460.66352739726,2223.652397260274,1.4562,0.034040406258284
0.0002152815452048,3.843,1.0,9.958886454440004,0.9374762688267309,64.12628845061276,149120.64549180327,3951.7631915983607,1.4562,0.1010857563167623
0.0,3.8374,1.0,37.96812559467174,0.9745570195365744,17.86380975570164,51941.74260216064,1577.911695631752,1.4562,0.1462353906089809
