grid_id,n_claims,total_paid,total_bldg_val,event_name,year,event_num,no_bldAll_flooded,areaSqKm_developed,areaSqKm_total,grid_lat,grid_lon,county,n_buildings,mean_elevation,median_elevation,mean_found_ht,mean_bldg_value,median_bldg_value,total_bldg_value,mean_sqft,mean_age,res_ratio,pct_miss_elev,pct_miss_value,area_sqkm,bldg_density,value_outlier,loss_ratio,log_total_paid
34.4_-79.0,38,1346442.21,4915906.0,Hurricane Florence,2018,1,29952.0,119.1564,2812.0536,34.4,-79.0,Robeson,328.0,104.54013932926829,94.985,2.251432682926829,85937.27329192546,42727.5,27671802.0,1650.1149068322982,29.675078864353313,0.9664634146341464,0.0,0.0182926829268292,123.21000000000004,2.6621215810404992,False,0.27389502769174184,14.112977014332476
34.4_-79.1,3,97282.08,397120.0,Hurricane Florence,2018,1,29952.0,119.1564,2812.0536,34.4,-79.10000000000001,Robeson,2048.0,116.69210805664062,116.6894,2.3972269140625,132720.7177734375,73097.0,271812030.0,2089.14453125,38.77009803921569,0.9619140625,0.0,0.0,123.21000000000004,16.622027432838237,False,0.2449689766317486,11.485380357882999
34.4_-79.2,1,24763.36,406463.0,Hurricane Florence,2018,1,29952.0,119.1564,2812.0536,34.4,-79.2,Robeson,2790.0,117.24103028673836,117.87835,2.385534301075269,166815.8340501792,81987.5,465416177.0,2668.4372759856633,35.133883704235465,0.943010752688172,0.0,0.0,123.21000000000004,22.644265887509125,False,0.060924020144515,10.117160801764923
34.5_-79.0,335,13768213.2,71243778.0,Hurricane Florence,2018,1,29952.0,119.1564,2812.0536,34.5,-79.0,Robeson,2906.0,117.869441431521,116.93055,2.399989236063317,135171.56743704726,35338.0,391862374.0,1925.3932390479476,26.126648160999306,0.9786648313833448,0.0,0.0024088093599449,123.21000000000004,23.58574791007223,False,0.19325495624333677,16.437873174567713
34.5_-79.1,42,1562920.56,27736195.0,Hurricane Florence,2018,1,29952.0,119.1564,2812.0536,34.5,-79.10000000000001,Robeson,3031.0,127.79862857142857,127.3324,2.3714633916199275,131343.14955430836,46329.0,397838400.0,2146.092769891053,28.760357971494862,0.975915539425932,0.0,0.0006598482349059,123.21000000000004,24.600275951627296,False,0.05634949422586624,14.26206742260365
34.5_-79.2,22,284005.28,2982485.0,Hurricane Florence,2018,1,29952.0,119.1564,2812.0536,34.5,-79.2,Robeson,2034.0,135.02952925270404,138.2897,2.3948463077679447,166836.43215339232,78226.0,339345303.0,2618.4670599803344,37.27407407407407,0.943952802359882,0.0,0.0,123.21000000000004,16.50840029218407,False,0.09522437832880971,12.556751629574919
34.5_-79.3,2,11199.4,447030.0,Hurricane Florence,2018,1,29952.0,119.1564,2812.0536,34.5,-79.30000000000001,Robeson,1887.0,141.33857880233174,143.96,2.396263577106518,154278.64952279956,93089.5,290969533.0,2430.503711558855,38.569131832797424,0.9273979862215156,0.0,0.0005299417064122,123.21000000000004,15.315315315315312,False,0.025052904726752118,9.32370477093116
34.7_-79.0,150,7023937.23,36497944.0,Hurricane Florence,2018,1,29952.0,119.1564,2812.0536,34.7,-79.0,Robeson,2085.0,152.4402762589928,153.9116,2.3926593525179856,127076.85590778098,64859.5,264574014.0,2088.260806916426,27.8,0.9645083932853716,0.0,0.0014388489208633,123.21000000000004,16.922327733138538,False,0.19244747676745846,15.764834620124025
34.7_-79.1,11,510490.72,1861015.0,Hurricane Florence,2018,1,29952.0,119.1564,2812.0536,34.7,-79.10000000000001,Robeson,2561.0,162.48012830925418,161.6401,2.3868150566185085,109705.39359625148,36309.0,280955513.0,1977.3545490042952,27.504720692368213,0.9590003904724717,0.0,0.0,123.21000000000004,20.78565051538024,False,0.2743076869342805,13.14312969706257
34.7_-79.2,42,1447947.74,7183302.0,Hurricane Florence,2018,1,29952.0,119.1564,2812.0536,34.7,-79.2,Robeson,3396.0,176.86302520612486,176.62605,2.393915535924618,131107.38309776207,59747.0,445240673.0,2158.270023557126,29.95077565632458,0.9687868080094229,0.0,0.0,123.21000000000004,27.562697832968095,False,0.20157133028793722,14.185658450748699
34.7_-79.3,26,685176.61,2969255.0,Hurricane Florence,2018,1,29952.0,119.1564,2812.0536,34.7,-79.30000000000001,Robeson,3096.0,189.37419922480623,189.3046,2.385475019379845,113427.44893341952,56423.5,350944527.0,2018.268907563025,30.870734908136484,0.9760981912144704,0.0,0.0006459948320413,123.21000000000004,25.12783053323593,False,0.23075707879585955,13.437433368307435
34.8_-79.0,2,6813.57,211305.0,Hurricane Florence,2018,1,29952.0,119.1564,2812.0536,34.800000000000004,-79.0,Robeson,3948.0,164.3960005065856,164.51455,2.396573323201621,174653.3988336714,85639.5,688833005.0,2654.082910750507,29.909739928607852,0.9678318135764944,0.0,0.0010131712259371,123.21000000000004,32.042853664475274,False,0.032245190601263574,8.826818246028472
35.0_-77.7,2,88766.75,178054.0,Hurricane Florence,2018,1,29952.0,119.1564,2812.0536,35.0,-77.7,Lenoir,925.0,112.3501117837838,113.6401,2.401265372972973,66555.27620087336,34115.0,60964633.0,1700.8176855895197,40.046306504961414,0.8745945945945945,0.0,0.0097297297297297,123.21000000000004,7.507507507507506,False,0.4985383647657452,11.393778687340328
35.2_-76.7,28,396990.12,4690215.0,Hurricane Florence,2018,1,29952.0,119.1564,2812.0536,35.2,-76.7,Beaufort,89.0,4.686680898876404,4.9836,2.361212359550562,111209.14942528737,51225.0,9675196.0,2129.4827586206898,9.517241379310343,0.9775280898876404,0.0,0.0224719101123595,123.21000000000004,0.7223439655872086,False,0.08464220083727506,12.891669191660979
35.2_-76.8,10,92248.89,749607.0,Hurricane Florence,2018,1,29952.0,119.1564,2812.0536,35.2,-76.80000000000001,Beaufort,451.0,8.00691485587583,8.5001,2.383531707317073,183913.3317535545,27967.0,77611426.0,1747.5,9.54739336492891,0.9645232815964524,0.0,0.0643015521064301,123.21000000000004,3.6604171739306866,False,0.12306300501462766,11.432256369490139
35.2_-77.5,21,703621.49,3871222.0,Hurricane Florence,2018,1,29952.0,119.1564,2812.0536,35.2,-77.5,Lenoir,417.0,40.46213261390887,41.5865,2.33615417266187,64298.59375,30220.0,26748215.0,1747.6225961538462,44.32512315270936,0.9592326139088728,0.0,0.0023980815347721,123.21000000000004,3.3844655466277076,False,0.1817569465145631,13.463997255518892
35.2_-77.6,92,6247726.28,53596221.0,Hurricane Florence,2018,1,29952.0,119.1564,2812.0536,35.2,-77.60000000000001,Lenoir,9133.0,58.4259503339538,58.9891,2.321854201248221,209963.4498027181,41558.5,1915706516.0,2926.780688294607,47.74004400440044,0.937588963100843,0.0,0.0009854374247235,123.21000000000004,74.12547682817952,False,0.11657027610211548,15.647728320381272
35.2_-77.7,6,91489.83,1243134.0,Hurricane Florence,2018,1,29952.0,119.1564,2812.0536,35.2,-77.7,Lenoir,6722.0,74.85900531091937,80.3674,2.3698571823861942,179777.86992840096,65490.0,1205230840.0,3619.206443914082,34.118983152827916,0.9413864921154418,0.0,0.0026777744718833,123.21000000000004,54.55725996266535,False,0.07359611272799232,11.423994027662161
35.2_-77.8,11,214046.9,1353414.0,Hurricane Florence,2018,1,29952.0,119.1564,2812.0536,35.2,-77.80000000000001,Lenoir,2233.0,78.2304775638155,82.5002,2.3755544961934616,192752.37078651684,41535.0,428874025.0,1927.5177528089887,32.63628034814475,0.948499776085983,0.0,0.0035826242722794,123.21000000000004,18.12352893433974,False,0.15815330711814715,12.273955100733096
35.2_-78.0,24,531184.21,3107239.0,Hurricane Florence,2018,1,29952.0,119.1564,2812.0536,35.2,-78.0,Wayne,4200.0,143.66165402380952,158.0115,2.3973438595238097,64079.99552105106,23215.0,214603905.0,1838.9038518960883,36.98557692307692,0.9411904761904762,0.0,0.2026190476190476,123.21000000000004,34.088142196250296,False,0.17095054805890372,13.182866034136266
35.2_-78.1,14,1137502.92,2948562.0,Hurricane Florence,2018,1,29952.0,119.1564,2812.0536,35.2,-78.10000000000001,Wayne,7332.0,166.38124624931808,166.4448,2.4002565630114563,85328.7688307331,33063.0,508644791.0,3017.7049152826708,42.85890087660148,0.9614020731042008,0.0,0.1869885433715221,123.21000000000004,59.508156805454085,False,0.3857822626758399,13.944346875955151
35.3_-76.6,52,586474.19,9146359.0,Hurricane Florence,2018,1,29952.0,119.1564,2812.0536,35.300000000000004,-76.60000000000001,Beaufort,53.0,6.3251622641509435,4.0691,2.380303773584906,72776.98076923077,44083.0,3784403.0,1511.326923076923,9.057692307692308,0.981132075471698,0.0,0.0188679245283018,123.21000000000004,0.430159889619349,False,0.06412105516523023,13.28188564439064
35.3_-76.7,63,980012.4400000001,9585902.0,Hurricane Florence,2018,1,29952.0,119.1564,2812.0536,35.300000000000004,-76.7,Beaufort,482.0,4.002392531120332,3.83345,2.381682572614108,52057.79609544468,30512.0,23998644.0,1538.479392624729,10.663774403470716,0.9896265560165975,0.0,0.0435684647302904,123.21000000000004,3.9120201282363434,False,0.10223476517911409,13.79532156483843
35.3_-76.8,54,1070655.54,9032207.0,Hurricane Florence,2018,1,29952.0,119.1564,2812.0536,35.300000000000004,-76.80000000000001,Beaufort,818.0,7.700108312958435,7.556649999999999,2.37438826405868,79860.23691099476,26958.0,61013221.0,3807.1832460732985,10.557591623036648,0.910757946210269,0.0,0.0660146699266503,123.21000000000004,6.639071503936367,False,0.11853753351755557,13.883782607054505
35.3_-77.0,16,123325.67,3126167.0,Hurricane Florence,2018,1,29952.0,119.1564,2812.0536,35.300000000000004,-77.0,Beaufort,440.0,30.87710886363637,32.2782,2.4000034090909086,52933.54587155963,26641.0,23079026.0,2166.2522935779816,12.279816513761467,0.975,0.0,0.009090909090909,123.21000000000004,3.57113870627384,False,0.03944948238529803,11.722591967465759
35.3_-77.5,7,63972.68,837942.0,Hurricane Florence,2018,1,29952.0,119.1564,2812.0536,35.300000000000004,-77.5,Lenoir,1603.0,35.16349825327511,33.8261,2.308644878353088,58720.58819836786,33190.0,93541897.0,3903.7940991839296,33.683161953727506,0.9594510293200248,0.0,0.0062383031815346,123.21000000000004,13.010307604902197,False,0.07634499762513396,11.066227027755335
35.3_-77.8,1,8992.21,118659.0,Hurricane Florence,2018,1,29952.0,119.1564,2812.0536,35.300000000000004,-77.80000000000001,Lenoir,3044.0,103.64423140604468,104.6998,2.397929464520368,75903.22097994082,36569.0,230821695.0,1954.4801052285432,31.671305500331343,0.9319973718791064,0.0,0.0009855453350854,123.21000000000004,24.705786867949023,False,0.07578194658643676,9.10422512713748
35.3_-78.0,85,2076274.03,45571378.0,Hurricane Florence,2018,1,29952.0,119.1564,2812.0536,35.300000000000004,-78.0,Wayne,19183.0,108.15972315591932,110.286,2.374328006047021,188014.373758559,65918.0,3047901013.0,3733.365060761212,48.13562375745527,0.9383829432309858,0.0,0.1549288432466246,123.21000000000004,155.693531369207,False,0.04556092269143145,14.546085995225296
35.3_-78.1,4,150187.74,398047.0,Hurricane Florence,2018,1,29952.0,119.1564,2812.0536,35.300000000000004,-78.10000000000001,Wayne,8618.0,122.15275300533769,119.0896,2.3352109352517982,135398.87072997875,37060.0,955239033.0,3095.2269312544295,38.47515306848925,0.9556741703411464,0.0,0.1813645857507542,123.21000000000004,69.94562129697263,False,0.3773115737588777,11.919648048790975
35.4_-76.6,210,4013288.09,37724889.0,Hurricane Florence,2018,1,29952.0,119.1564,2812.0536,35.4,-76.60000000000001,Beaufort,91.0,3.0146582417582413,2.9356,2.3746615384615386,80406.74157303371,53886.0,7156200.0,2009.4719101123596,9.752808988764045,0.978021978021978,0.0,0.0219780219780219,123.21000000000004,0.7385764142520898,False,0.10638303243251425,15.205121685029695
35.4_-76.7,55,1122038.86,10936361.0,Hurricane Florence,2018,1,29952.0,119.1564,2812.0536,35.4,-76.7,Beaufort,1147.0,5.735229293809939,5.6439,2.363406887532694,66952.36756756756,41365.5,74317128.0,1806.744144144144,10.486486486486486,0.979075850043592,0.0,0.032258064516129,123.21000000000004,9.309309309309306,False,0.10259709422540095,13.930658890280453
35.4_-76.8,6,47302.64,1642639.0,Hurricane Florence,2018,1,29952.0,119.1564,2812.0536,35.4,-76.80000000000001,Beaufort,875.0,8.831337942857143,8.6925,2.356228342857143,75712.7327790974,50688.0,63750121.0,1946.0653206650832,9.805225653206652,0.968,0.0,0.0377142857142857,123.21000000000004,7.101696290885478,False,0.028796735009944365,10.76434252712163
35.4_-77.0,443,9949001.29,82103113.0,Hurricane Florence,2018,1,29952.0,119.1564,2812.0536,35.4,-77.0,Beaufort,1640.0,15.119147987804878,10.731000000000002,2.373973536585366,111025.57685009488,93108.0,175531437.0,2339.954430379747,9.776723592662872,0.9810975609756096,0.0,0.0359756097560975,123.21000000000004,13.310607905202495,False,0.12117690701934772,16.112982831745356
35.4_-77.1,60,1680942.88,17651799.0,Hurricane Florence,2018,1,29952.0,119.1564,2812.0536,35.4,-77.10000000000001,Beaufort,1327.0,31.685237226827432,32.0049,2.3880018839487565,158639.60652009098,60262.0,209245641.0,2984.054586808188,10.206974981046248,0.958553127354936,0.0,0.0060286360211002,123.21000000000004,10.770229689148604,False,0.09522785071368646,14.334866026943518
35.4_-78.0,2,13909.759999999998,620818.0,Hurricane Florence,2018,1,29952.0,119.1564,2812.0536,35.4,-78.0,Wayne,8527.0,126.91812187170166,127.4904,2.3893197502052304,123859.32457893234,59958.0,867758428.0,3376.3588352840425,38.00459395376408,0.957898440248622,0.0,0.1783745748797936,123.21000000000004,69.20704488272054,False,0.022405535921961022,9.540417920376777
35.5_-76.5,4,60110.35,615094.0,Hurricane Florence,2018,1,29952.0,119.1564,2812.0536,35.5,-76.5,Beaufort,49.0,3.0514102040816327,2.8291,2.371479591836734,87156.14893617021,76834.0,4096339.0,1777.5531914893618,10.063829787234043,1.0,0.0,0.0408163265306122,123.21000000000004,0.3976949922895867,False,0.09772546960302002,11.003953954606498
35.5_-76.6,14,66055.02,3706164.0,Hurricane Florence,2018,1,29952.0,119.1564,2812.0536,35.5,-76.60000000000001,Beaufort,294.0,6.439303401360544,6.8446,2.3603187074829934,57939.93525179856,21869.0,16107302.0,1336.4928057553957,7.816546762589928,0.9591836734693876,0.0,0.0544217687074829,123.21000000000004,2.3861699537375207,False,0.01782301592698003,11.098258448870624
35.5_-76.7,6,87241.97,555142.0,Hurricane Florence,2018,1,29952.0,119.1564,2812.0536,35.5,-76.7,Beaufort,2042.0,5.110162830558276,4.1800999999999995,2.3598378060724783,109865.1436605317,40580.0,214896221.0,2204.1728016359916,10.40235173824131,0.9378060724779628,0.0,0.0421155729676787,123.21000000000004,16.573330086843594,False,0.15715253034358778,11.376452263752586
35.5_-76.8,1,4858.07,242704.0,Hurricane Florence,2018,1,29952.0,119.1564,2812.0536,35.5,-76.80000000000001,Beaufort,614.0,10.865662540716611,11.05585,2.3948934853420196,106074.245819398,33413.5,63432399.0,2389.774247491639,10.807692307692308,0.9527687296416938,0.0,0.0260586319218241,123.21000000000004,4.983361740118496,False,0.020016439778495616,8.488602340558565
35.5_-77.0,18,459860.1,2976221.0,Hurricane Florence,2018,1,29952.0,119.1564,2812.0536,35.5,-77.0,Beaufort,2357.0,26.98558413237166,30.4012,2.39552706830717,93460.66352739726,36445.0,218324110.0,2223.652397260274,10.847174657534246,0.9745439117522274,0.0,0.0089096308867204,123.21000000000004,19.12994075156237,False,0.15451140893099,13.038679766345489
35.5_-77.1,9,129385.55,19709679.0,Hurricane Florence,2018,1,29952.0,119.1564,2812.0536,35.5,-77.10000000000001,Beaufort,7901.0,15.709383483100872,11.286,2.3712238957106697,149120.64549180327,70563.5,1164334000.0,3951.7631915983607,9.958886454440004,0.9374762688267309,0.0,0.0117706619415263,123.21000000000004,64.12628845061276,False,0.0065645691134797275,11.770559714379282
35.5_-78.0,1,13715.4,214538.0,Hurricane Florence,2018,1,29952.0,119.1564,2812.0536,35.5,-78.0,Wayne,3684.0,135.292178257329,137.7529,2.400184362106406,61201.72377158034,29145.0,184339592.0,2240.366533864542,56.232945091514146,0.9565689467969598,0.0,0.1824104234527687,123.21000000000004,29.900170440710973,False,0.0639299331586945,9.526347476178866
34.4_-79.0,24,971923.42,3307982.0,Hurricane Matthew,2016,5,14177.0,69.5457,1775.5416,34.4,-79.0,Robeson,328.0,104.54013932926829,94.985,2.251432682926829,85937.27329192546,42727.5,27671802.0,1650.1149068322982,29.675078864353313,0.9664634146341464,0.0,0.0182926829268292,123.21000000000004,2.6621215810404992,False,0.2938115805950577,13.787033323217683
34.4_-79.1,2,4842.78,187380.0,Hurricane Matthew,2016,5,14177.0,69.5457,1775.5416,34.4,-79.10000000000001,Robeson,2048.0,116.69210805664062,116.6894,2.3972269140625,132720.7177734375,73097.0,271812030.0,2089.14453125,38.77009803921569,0.9619140625,0.0,0.0,123.21000000000004,16.622027432838237,False,0.02584470060838937,8.485450686630864
34.4_-79.2,1,224579.58,474569.0,Hurricane Matthew,2016,5,14177.0,69.5457,1775.5416,34.4,-79.2,Robeson,2790.0,117.24103028673836,117.87835,2.385534301075269,166815.8340501792,81987.5,465416177.0,2668.4372759856633,35.133883704235465,0.943010752688172,0.0,0.0,123.21000000000004,22.644265887509125,False,0.47322850839393216,12.321989852721824
34.5_-79.0,175,10830952.17,40546577.0,Hurricane Matthew,2016,5,14177.0,69.5457,1775.5416,34.5,-79.0,Robeson,2906.0,117.869441431521,116.93055,2.399989236063317,135171.56743704726,35338.0,391862374.0,1925.3932390479476,26.126648160999306,0.9786648313833448,0.0,0.0024088093599449,123.21000000000004,23.58574791007223,False,0.2671237123173184,16.197918627108038
34.5_-79.1,15,704727.87,3010479.0,Hurricane Matthew,2016,5,14177.0,69.5457,1775.5416,34.5,-79.10000000000001,Robeson,3031.0,127.79862857142857,127.3324,2.3714633916199275,131343.14955430836,46329.0,397838400.0,2146.092769891053,28.760357971494862,0.975915539425932,0.0,0.0006598482349059,123.21000000000004,24.600275951627296,False,0.23409160801320986,13.465568426263667
34.5_-79.2,16,152502.12,1751014.0,Hurricane Matthew,2016,5,14177.0,69.5457,1775.5416,34.5,-79.2,Robeson,2034.0,135.02952925270404,138.2897,2.3948463077679447,166836.43215339232,78226.0,339345303.0,2618.4670599803344,37.27407407407407,0.943952802359882,0.0,0.0,123.21000000000004,16.50840029218407,False,0.08709360404885398,11.934940333836714
34.7_-79.0,108,4532277.43,20160458.0,Hurricane Matthew,2016,5,14177.0,69.5457,1775.5416,34.7,-79.0,Robeson,2085.0,152.4402762589928,153.9116,2.3926593525179856,127076.85590778098,64859.5,264574014.0,2088.260806916426,27.8,0.9645083932853716,0.0,0.0014388489208633,123.21000000000004,16.922327733138538,False,0.22481024141415834,15.32673533569479
34.7_-79.1,6,248469.04,847066.0,Hurricane Matthew,2016,5,14177.0,69.5457,1775.5416,34.7,-79.10000000000001,Robeson,2561.0,162.48012830925418,161.6401,2.3868150566185085,109705.39359625148,36309.0,280955513.0,1977.3545490042952,27.504720692368213,0.9590003904724717,0.0,0.0,123.21000000000004,20.78565051538024,False,0.29332902040691045,12.42307755387019
34.7_-79.2,17,421814.06,2997966.0,Hurricane Matthew,2016,5,14177.0,69.5457,1775.5416,34.7,-79.2,Robeson,3396.0,176.86302520612486,176.62605,2.393915535924618,131107.38309776207,59747.0,445240673.0,2158.270023557126,29.95077565632458,0.9687868080094229,0.0,0.0,123.21000000000004,27.562697832968095,False,0.14070008132180284,12.952322250514612
34.7_-79.3,13,182923.49,2349444.0,Hurricane Matthew,2016,5,14177.0,69.5457,1775.5416,34.7,-79.30000000000001,Robeson,3096.0,189.37419922480623,189.3046,2.385475019379845,113427.44893341952,56423.5,350944527.0,2018.268907563025,30.870734908136484,0.9760981912144704,0.0,0.0006459948320413,123.21000000000004,25.12783053323593,False,0.07785820389845427,12.116828723720463
34.8_-79.0,1,13715.87,121915.0,Hurricane Matthew,2016,5,14177.0,69.5457,1775.5416,34.800000000000004,-79.0,Robeson,3948.0,164.3960005065856,164.51455,2.396573323201621,174653.3988336714,85639.5,688833005.0,2654.082910750507,29.909739928607852,0.9678318135764944,0.0,0.0010131712259371,123.21000000000004,32.042853664475274,False,0.11250354755362343,9.526381741142544
35.2_-77.5,49,2080938.48,7952661.0,Hurricane Matthew,2016,5,14177.0,69.5457,1775.5416,35.2,-77.5,Lenoir,417.0,40.46213261390887,41.5865,2.33615417266187,64298.59375,30220.0,26748215.0,1747.6225961538462,44.32512315270936,0.9592326139088728,0.0,0.0023980815347721,123.21000000000004,3.3844655466277076,False,0.26166568397672174,14.548330022780844
35.2_-77.6,165,17178659.93,78007961.0,Hurricane Matthew,2016,5,14177.0,69.5457,1775.5416,35.2,-77.60000000000001,Lenoir,9133.0,58.4259503339538,58.9891,2.321854201248221,209963.4498027181,41558.5,1915706516.0,2926.780688294607,47.74004400440044,0.937588963100843,0.0,0.0009854374247235,123.21000000000004,74.12547682817952,False,0.22021675364646437,16.659178527943627
35.2_-77.7,9,240680.85,1613334.0,Hurricane Matthew,2016,5,14177.0,69.5457,1775.5416,35.2,-77.7,Lenoir,6722.0,74.85900531091937,80.3674,2.3698571823861942,179777.86992840096,65490.0,1205230840.0,3619.206443914082,34.118983152827916,0.9413864921154418,0.0,0.0026777744718833,123.21000000000004,54.55725996266535,False,0.14918228339575065,12.391231215859507
35.2_-77.8,37,2092465.14,5419433.0,Hurricane Matthew,2016,5,14177.0,69.5457,1775.5416,35.2,-77.80000000000001,Lenoir,2233.0,78.2304775638155,82.5002,2.3755544961934616,192752.37078651684,41535.0,428874025.0,1927.5177528089887,32.63628034814475,0.948499776085983,0.0,0.0035826242722794,123.21000000000004,18.12352893433974,False,0.3861040702966528,14.553853899613888
35.2_-78.0,84,4820517.97,18877675.0,Hurricane Matthew,2016,5,14177.0,69.5457,1775.5416,35.2,-78.0,Wayne,4200.0,143.66165402380952,158.0115,2.3973438595238097,64079.99552105106,23215.0,214603905.0,1838.9038518960883,36.98557692307692,0.9411904761904762,0.0,0.2026190476190476,123.21000000000004,34.088142196250296,False,0.2553554910760991,15.388392150355253
35.2_-78.1,19,2346619.92,5251134.0,Hurricane Matthew,2016,5,14177.0,69.5457,1775.5416,35.2,-78.10000000000001,Wayne,7332.0,166.38124624931808,166.4448,2.4002565630114563,85328.7688307331,33063.0,508644791.0,3017.7049152826708,42.85890087660148,0.9614020731042008,0.0,0.1869885433715221,123.21000000000004,59.508156805454085,False,0.4468786970585782,14.668486944957916
35.3_-77.5,9,130993.07,746950.0,Hurricane Matthew,2016,5,14177.0,69.5457,1775.5416,35.300000000000004,-77.5,Lenoir,1603.0,35.16349825327511,33.8261,2.308644878353088,58720.58819836786,33190.0,93541897.0,3903.7940991839296,33.683161953727506,0.9594510293200248,0.0,0.0062383031815346,123.21000000000004,13.010307604902197,False,0.17537060044179664,11.782907333983127
35.3_-78.0,274,15430320.29,95476353.0,Hurricane Matthew,2016,5,14177.0,69.5457,1775.5416,35.300000000000004,-78.0,Wayne,19183.0,108.15972315591932,110.286,2.374328006047021,188014.373758559,65918.0,3047901013.0,3733.365060761212,48.13562375745527,0.9383829432309858,0.0,0.1549288432466246,123.21000000000004,155.693531369207,False,0.16161405212031926,16.551845046546408
35.3_-78.1,13,557246.7,1308381.0,Hurricane Matthew,2016,5,14177.0,69.5457,1775.5416,35.300000000000004,-78.10000000000001,Wayne,8618.0,122.15275300533769,119.0896,2.3352109352517982,135398.87072997875,37060.0,955239033.0,3095.2269312544295,38.47515306848925,0.9556741703411464,0.0,0.1813645857507542,123.21000000000004,69.94562129697263,False,0.4259055275183604,13.230765123828203
35.4_-76.6,14,138113.97,3273032.0,Hurricane Matthew,2016,5,14177.0,69.5457,1775.5416,35.4,-76.60000000000001,Beaufort,91.0,3.0146582417582413,2.9356,2.3746615384615386,80406.74157303371,53886.0,7156200.0,2009.4719101123596,9.752808988764045,0.978021978021978,0.0,0.0219780219780219,123.21000000000004,0.7385764142520898,False,0.04219756177147061,11.835841733232915
35.4_-76.7,1,31742.05,118214.0,Hurricane Matthew,2016,5,14177.0,69.5457,1775.5416,35.4,-76.7,Beaufort,1147.0,5.735229293809939,5.6439,2.363406887532694,66952.36756756756,41365.5,74317128.0,1806.744144144144,10.486486486486486,0.979075850043592,0.0,0.032258064516129,123.21000000000004,9.309309309309306,False,0.26851345864280035,10.365429082721457
35.4_-76.8,1,19012.63,210925.0,Hurricane Matthew,2016,5,14177.0,69.5457,1775.5416,35.4,-76.80000000000001,Beaufort,875.0,8.831337942857143,8.6925,2.356228342857143,75712.7327790974,50688.0,63750121.0,1946.0653206650832,9.805225653206652,0.968,0.0,0.0377142857142857,123.21000000000004,7.101696290885478,False,0.09013929121725732,9.852911369383895
35.4_-77.0,20,128783.89,7348870.0,Hurricane Matthew,2016,5,14177.0,69.5457,1775.5416,35.4,-77.0,Beaufort,1640.0,15.119147987804878,10.731000000000002,2.373973536585366,111025.57685009488,93108.0,175531437.0,2339.954430379747,9.776723592662872,0.9810975609756096,0.0,0.0359756097560975,123.21000000000004,13.310607905202495,False,0.01752431190101335,11.765898772106008
35.4_-77.1,5,118487.1,1439173.0,Hurricane Matthew,2016,5,14177.0,69.5457,1775.5416,35.4,-77.10000000000001,Beaufort,1327.0,31.685237226827432,32.0049,2.3880018839487565,158639.60652009098,60262.0,209245641.0,2984.054586808188,10.206974981046248,0.958553127354936,0.0,0.0060286360211002,123.21000000000004,10.770229689148604,False,0.08232999090449863,11.682567812573774
35.4_-78.0,2,57621.03,339737.0,Hurricane Matthew,2016,5,14177.0,69.5457,1775.5416,35.4,-78.0,Wayne,8527.0,126.91812187170166,127.4904,2.3893197502052304,123859.32457893234,59958.0,867758428.0,3376.3588352840425,38.00459395376408,0.957898440248622,0.0,0.1783745748797936,123.21000000000004,69.20704488272054,False,0.16960481195748475,10.96166023884056
35.4_-78.1,3,144713.69999999998,338357.0,Hurricane Matthew,2016,5,14177.0,69.5457,1775.5416,35.4,-78.10000000000001,Wayne,9482.0,124.98954316599873,127.45265,2.393331740139211,138094.9198919892,76810.0,1073964192.0,2790.683039732545,31.366860772895713,0.9703649019194264,0.0,0.179814385150812,123.21000000000004,76.95803912020126,False,0.4276953040723259,11.88251949695522
35.5_-76.6,1,1710.96,14137.0,Hurricane Matthew,2016,5,14177.0,69.5457,1775.5416,35.5,-76.60000000000001,Beaufort,294.0,6.439303401360544,6.8446,2.3603187074829934,57939.93525179856,21869.0,16107302.0,1336.4928057553957,7.816546762589928,0.9591836734693876,0.0,0.0544217687074829,123.21000000000004,2.3861699537375207,False,0.12102709202801161,7.445394191942753
35.5_-76.8,1,9642.0,90701.0,Hurricane Matthew,2016,5,14177.0,69.5457,1775.5416,35.5,-76.80000000000001,Beaufort,614.0,10.865662540716611,11.05585,2.3948934853420196,106074.245819398,33413.5,63432399.0,2389.774247491639,10.807692307692308,0.9527687296416938,0.0,0.0260586319218241,123.21000000000004,4.983361740118496,False,0.10630533290702418,9.173987542510384
35.5_-77.0,20,195272.12,2760507.0,Hurricane Matthew,2016,5,14177.0,69.5457,1775.5416,35.5,-77.0,Beaufort,2357.0,26.98558413237166,30.4012,2.39552706830717,93460.66352739726,36445.0,218324110.0,2223.652397260274,10.847174657534246,0.9745439117522274,0.0,0.0089096308867204,123.21000000000004,19.12994075156237,False,0.07073777389443316,12.182154472983683
35.5_-77.1,40,1052260.87,6218282.0,Hurricane Matthew,2016,5,14177.0,69.5457,1775.5416,35.5,-77.10000000000001,Beaufort,7901.0,15.709383483100872,11.286,2.3712238957106697,149120.64549180327,70563.5,1164334000.0,3951.7631915983607,9.958886454440004,0.9374762688267309,0.0,0.0117706619415263,123.21000000000004,64.12628845061276,False,0.16922051299699822,13.866452567158406
35.5_-78.0,1,8545.32,82279.0,Hurricane Matthew,2016,5,14177.0,69.5457,1775.5416,35.5,-78.0,Wayne,3684.0,135.292178257329,137.7529,2.400184362106406,61201.72377158034,29145.0,184339592.0,2240.366533864542,56.232945091514146,0.9565689467969598,0.0,0.1824104234527687,123.21000000000004,29.900170440710973,False,0.10385784951202615,9.053256059921386
35.7_-77.5,5,69428.48000000001,1678091.0,Hurricane Matthew,2016,5,14177.0,69.5457,1775.5416,35.7,-77.5,Edgecombe,27.0,42.97740740740741,42.84,2.3999999999999995,56030.0,27232.0,1512810.0,1673.148148148148,68.88888888888889,0.9629629629629628,0.0,0.0,123.21000000000004,0.2191380569758947,False,0.04137348928037872,11.148066840161444
35.7_-77.6,12,362850.88,1222214.0,Hurricane Matthew,2016,5,14177.0,69.5457,1775.5416,35.7,-77.60000000000001,Edgecombe,679.0,69.24516936671576,80.63,2.4000000000000004,56718.85780525502,28846.0,36697101.0,1557.2132921174652,35.97784810126582,0.9779086892488954,0.0,0.0471281296023564,123.21000000000004,5.510916321727131,False,0.2968799899199322,12.801749985897215
35.7_-77.7,1,21195.26,113368.0,Hurricane Matthew,2016,5,14177.0,69.5457,1775.5416,35.7,-77.7,Edgecombe,3371.0,97.83380895876596,99.04,2.4000000000000004,55245.05808236017,32085.0,179767419.0,1600.5955746773202,48.06941431670282,0.97330169089291,0.0,0.0347078018392168,123.21000000000004,27.35979222465708,False,0.18695981229271044,9.961580030002791
35.8_-77.5,177,10384243.61,28505597.0,Hurricane Matthew,2016,5,14177.0,69.5457,1775.5416,35.800000000000004,-77.5,Edgecombe,1520.0,51.957539473684214,50.35,2.4,64072.506915629325,31789.0,92648845.0,2007.4917012448136,39.03412256267409,0.9013157894736842,0.0,0.0486842105263157,123.21000000000004,12.33666098530963,False,0.3642878838846981,16.155800274081532
35.8_-77.6,11,146270.64,1438126.0,Hurricane Matthew,2016,5,14177.0,69.5457,1775.5416,35.800000000000004,-77.60000000000001,Edgecombe,4109.0,65.96615234850329,61.64,2.4,170311.65577566245,51592.0,662001406.0,2428.7200926164137,37.220238095238095,0.9467023606716964,0.0,0.0540277439766366,123.21000000000004,33.3495657819982,False,0.10170919655162344,11.893220719960208
35.8_-77.7,2,49946.11,871801.0,Hurricane Matthew,2016,5,14177.0,69.5457,1775.5416,35.800000000000004,-77.7,Edgecombe,2005.0,98.02437905236908,100.35,2.4,54019.927385892115,32339.0,104150420.0,1809.3023858921165,35.219613980177364,0.9650872817955112,0.0,0.0384039900249376,123.21000000000004,16.273029786543294,False,0.05729072345638512,10.818719924545011
35.8_-77.8,13,293325.69,1217475.0,Hurricane Matthew,2016,5,14177.0,69.5457,1775.5416,35.800000000000004,-77.80000000000001,Edgecombe,2201.0,115.30985915492958,119.97,2.4000000000000004,51941.74260216064,30627.0,110583970.0,1577.911695631752,37.96812559467174,0.9745570195365744,0.0,0.0327124034529759,123.21000000000004,17.86380975570164,False,0.24092953859422164,12.589042249802542
35.9_-77.5,7,238608.77999999997,1248020.0,Hurricane Matthew,2016,5,14177.0,69.5457,1775.5416,35.9,-77.5,Edgecombe,915.0,67.70692896174863,64.03,2.4000000000000004,77490.8608490566,32913.0,65712250.0,1850.944575471698,44.328605200945624,0.960655737704918,0.0,0.073224043715847,123.21000000000004,7.4263452641831,False,0.1911898687521033,12.382584776909024
35.9_-77.6,1,30702.58,109811.0,Hurricane Matthew,2016,5,14177.0,69.5457,1775.5416,35.9,-77.60000000000001,Edgecombe,4868.0,66.174324157765,67.94,2.4,92090.73709813876,56525.5,435405005.0,2917.993866328258,49.55605285592498,0.9537797863599012,0.0,0.028759244042728,123.21000000000004,39.50978005032058,False,0.27959475826647606,10.332134539154444
35.9_-77.7,9,40427.22,842590.0,Hurricane Matthew,2016,5,14177.0,69.5457,1775.5416,35.9,-77.7,Edgecombe,1298.0,86.09339753466872,87.17500000000001,2.4000000000000004,77476.90575479566,41590.0,92894810.0,1929.6630525437863,32.71838111298482,0.9476117103235748,0.0,0.0762711864406779,123.21000000000004,10.534859183507828,False,0.04797970543206067,10.607283334952776
35.9_-77.8,67,2827718.28,15848591.0,Hurricane Matthew,2016,5,14177.0,69.5457,1775.5416,35.9,-77.80000000000001,Edgecombe,10233.0,103.17359914003713,106.52,2.4,92703.76492294334,46577.5,854172490.0,1864.6691990449317,52.209135399673734,0.966383269813349,0.0,0.0995797908726668,123.21000000000004,83.0533235938641,False,0.17842079967865912,14.854981036573676
34.4_-79.0,1,389.1,66000.0,Hurricane Floyd,1999,2,18051.0,63.5913,454.0896,34.4,-79.0,Robeson,328.0,104.54013932926829,94.985,2.251432682926829,85937.27329192546,42727.5,27671802.0,1650.1149068322982,29.675078864353313,0.9664634146341464,0.0,0.0182926829268292,123.21000000000004,2.6621215810404992,False,0.005895454545454546,5.966403116512611
34.5_-79.0,29,158494.57,3071939.0,Hurricane Floyd,1999,2,18051.0,63.5913,454.0896,34.5,-79.0,Robeson,2906.0,117.869441431521,116.93055,2.399989236063317,135171.56743704726,35338.0,391862374.0,1925.3932390479476,26.126648160999306,0.9786648313833448,0.0,0.0024088093599449,123.21000000000004,23.58574791007223,False,0.051594309001578485,11.973481922382064
34.5_-79.1,1,2694.16,10364.0,Hurricane Floyd,1999,2,18051.0,63.5913,454.0896,34.5,-79.10000000000001,Robeson,3031.0,127.79862857142857,127.3324,2.3714633916199275,131343.14955430836,46329.0,397838400.0,2146.092769891053,28.760357971494862,0.975915539425932,0.0,0.0006598482349059,123.21000000000004,24.600275951627296,False,0.2599536858355847,7.899212850783043
34.7_-79.0,13,53210.59,1050745.0,Hurricane Floyd,1999,2,18051.0,63.5913,454.0896,34.7,-79.0,Robeson,2085.0,152.4402762589928,153.9116,2.3926593525179856,127076.85590778098,64859.5,264574014.0,2088.260806916426,27.8,0.9645083932853716,0.0,0.0014388489208633,123.21000000000004,16.922327733138538,False,0.050640821512355515,10.882031508745172
35.0_-77.7,1,887.93,121680.0,Hurricane Floyd,1999,2,18051.0,63.5913,454.0896,35.0,-77.7,Lenoir,925.0,112.3501117837838,113.6401,2.401265372972973,66555.27620087336,34115.0,60964633.0,1700.8176855895197,40.046306504961414,0.8745945945945945,0.0,0.0097297297297297,123.21000000000004,7.507507507507506,False,0.007297255095332018,6.790018492256255
35.2_-76.7,8,44643.21,483390.0,Hurricane Floyd,1999,2,18051.0,63.5913,454.0896,35.2,-76.7,Beaufort,89.0,4.686680898876404,4.9836,2.361212359550562,111209.14942528737,51225.0,9675196.0,2129.4827586206898,9.517241379310343,0.9775280898876404,0.0,0.0224719101123595,123.21000000000004,0.7223439655872086,False,0.09235443430770185,10.706479902644123
35.2_-76.8,1,4191.47,51226.0,Hurricane Floyd,1999,2,18051.0,63.5913,454.0896,35.2,-76.80000000000001,Beaufort,451.0,8.00691485587583,8.5001,2.383531707317073,183913.3317535545,27967.0,77611426.0,1747.5,9.54739336492891,0.9645232815964524,0.0,0.0643015521064301,123.21000000000004,3.6604171739306866,False,0.08182309764572679,8.3410453380367
35.2_-77.5,29,1285674.12,2583070.0,Hurricane Floyd,1999,2,18051.0,63.5913,454.0896,35.2,-77.5,Lenoir,417.0,40.46213261390887,41.5865,2.33615417266187,64298.59375,30220.0,26748215.0,1747.6225961538462,44.32512315270936,0.9592326139088728,0.0,0.0023980815347721,123.21000000000004,3.3844655466277076,False,0.49773104097062804,14.066794523558976
35.2_-77.6,199,7037412.45,707653910.0,Hurricane Floyd,1999,2,18051.0,63.5913,454.0896,35.2,-77.60000000000001,Lenoir,9133.0,58.4259503339538,58.9891,2.321854201248221,209963.4498027181,41558.5,1915706516.0,2926.780688294607,47.74004400440044,0.937588963100843,0.0,0.0009854374247235,123.21000000000004,74.12547682817952,False,0.009944709342452443,15.766751252953036
35.2_-77.7,3,27244.190000000002,239016.0,Hurricane Floyd,1999,2,18051.0,63.5913,454.0896,35.2,-77.7,Lenoir,6722.0,74.85900531091937,80.3674,2.3698571823861942,179777.86992840096,65490.0,1205230840.0,3619.206443914082,34.118983152827916,0.9413864921154418,0.0,0.0026777744718833,123.21000000000004,54.55725996266535,False,0.11398479599692071,10.212632270749534
35.2_-77.8,14,679309.89,935957.0,Hurricane Floyd,1999,2,18051.0,63.5913,454.0896,35.2,-77.80000000000001,Lenoir,2233.0,78.2304775638155,82.5002,2.3755544961934616,192752.37078651684,41535.0,428874025.0,1927.5177528089887,32.63628034814475,0.948499776085983,0.0,0.0035826242722794,123.21000000000004,18.12352893433974,False,0.7257917724852745,13.428834166259492
35.2_-78.0,73,2992775.82,6302529.0,Hurricane Floyd,1999,2,18051.0,63.5913,454.0896,35.2,-78.0,Wayne,4200.0,143.66165402380952,158.0115,2.3973438595238097,64079.99552105106,23215.0,214603905.0,1838.9038518960883,36.98557692307692,0.9411904761904762,0.0,0.2026190476190476,123.21000000000004,34.088142196250296,False,0.47485316132619143,14.9117122167308
35.2_-78.1,8,339157.27,758439.0,Hurricane Floyd,1999,2,18051.0,63.5913,454.0896,35.2,-78.10000000000001,Wayne,7332.0,166.38124624931808,166.4448,2.4002565630114563,85328.7688307331,33063.0,508644791.0,3017.7049152826708,42.85890087660148,0.9614020731042008,0.0,0.1869885433715221,123.21000000000004,59.508156805454085,False,0.4471780459601893,12.734222150567566
35.2_-78.2,2,61065.35,164150.0,Hurricane Floyd,1999,2,18051.0,63.5913,454.0896,35.2,-78.2,Wayne,2579.0,150.16305385808454,154.8693,2.3941217603722373,75577.74122601778,31390.0,161509633.0,2164.915301824988,47.208548614372944,0.9061651803024428,0.0,0.1713842574641333,123.21000000000004,20.93174255336417,False,0.37200944258300334,11.019716256951092
35.3_-76.6,67,623819.56,4214780.0,Hurricane Floyd,1999,2,18051.0,63.5913,454.0896,35.300000000000004,-76.60000000000001,Beaufort,53.0,6.3251622641509435,4.0691,2.380303773584906,72776.98076923077,44083.0,3784403.0,1511.326923076923,9.057692307692308,0.981132075471698,0.0,0.0188679245283018,123.21000000000004,0.430159889619349,False,0.1480076208010857,13.343618041894516
35.3_-76.7,31,317991.73,2456773.0,Hurricane Floyd,1999,2,18051.0,63.5913,454.0896,35.300000000000004,-76.7,Beaufort,482.0,4.002392531120332,3.83345,2.381682572614108,52057.79609544468,30512.0,23998644.0,1538.479392624729,10.663774403470716,0.9896265560165975,0.0,0.0435684647302904,123.21000000000004,3.9120201282363434,False,0.12943472188924252,12.669783799865762
35.3_-76.8,29,203197.17,2637151.0,Hurricane Floyd,1999,2,18051.0,63.5913,454.0896,35.300000000000004,-76.80000000000001,Beaufort,818.0,7.700108312958435,7.556649999999999,2.37438826405868,79860.23691099476,26958.0,61013221.0,3807.1832460732985,10.557591623036648,0.910757946210269,0.0,0.0660146699266503,123.21000000000004,6.639071503936367,False,0.07705177670903184,12.2219369887404
35.3_-77.0,7,14671.04,295593.0,Hurricane Floyd,1999,2,18051.0,63.5913,454.0896,35.300000000000004,-77.0,Beaufort,440.0,30.87710886363637,32.2782,2.4000034090909086,52933.54587155963,26641.0,23079026.0,2166.2522935779816,12.279816513761467,0.975,0.0,0.009090909090909,123.21000000000004,3.57113870627384,False,0.04963256910684624,9.593698920773882
35.3_-77.5,15,582081.38,1379145.0,Hurricane Floyd,1999,2,18051.0,63.5913,454.0896,35.300000000000004,-77.5,Lenoir,1603.0,35.16349825327511,33.8261,2.308644878353088,58720.58819836786,33190.0,93541897.0,3903.7940991839296,33.683161953727506,0.9594510293200248,0.0,0.0062383031815346,123.21000000000004,13.010307604902197,False,0.4220595948939379,13.274367263088582
35.3_-77.8,1,55930.25,87360.0,Hurricane Floyd,1999,2,18051.0,63.5913,454.0896,35.300000000000004,-77.80000000000001,Lenoir,3044.0,103.64423140604468,104.6998,2.397929464520368,75903.22097994082,36569.0,230821695.0,1954.4801052285432,31.671305500331343,0.9319973718791064,0.0,0.0009855453350854,123.21000000000004,24.705786867949023,False,0.6402272206959707,10.931878536931169
35.3_-78.0,186,4317208.9,20543254.0,Hurricane Floyd,1999,2,18051.0,63.5913,454.0896,35.300000000000004,-78.0,Wayne,19183.0,108.15972315591932,110.286,2.374328006047021,188014.373758559,65918.0,3047901013.0,3733.365060761212,48.13562375745527,0.9383829432309858,0.0,0.1549288432466246,123.21000000000004,155.693531369207,False,0.2101521453222552,15.278119895083668
35.3_-78.1,11,258225.55,581598.0,Hurricane Floyd,1999,2,18051.0,63.5913,454.0896,35.300000000000004,-78.10000000000001,Wayne,8618.0,122.15275300533769,119.0896,2.3352109352517982,135398.87072997875,37060.0,955239033.0,3095.2269312544295,38.47515306848925,0.9556741703411464,0.0,0.1813645857507542,123.21000000000004,69.94562129697263,False,0.44399318773448326,12.461592579374004
35.4_-76.6,320,3020066.83,30226550.0,Hurricane Floyd,1999,2,18051.0,63.5913,454.0896,35.4,-76.60000000000001,Beaufort,91.0,3.0146582417582413,2.9356,2.3746615384615386,80406.74157303371,53886.0,7156200.0,2009.4719101123596,9.752808988764045,0.978021978021978,0.0,0.0219780219780219,123.21000000000004,0.7385764142520898,False,0.0999143742835355,14.920789849363725
35.4_-76.7,46,343111.31,4139136.0,Hurricane Floyd,1999,2,18051.0,63.5913,454.0896,35.4,-76.7,Beaufort,1147.0,5.735229293809939,5.6439,2.363406887532694,66952.36756756756,41365.5,74317128.0,1806.744144144144,10.486486486486486,0.979075850043592,0.0,0.032258064516129,123.21000000000004,9.309309309309306,False,0.08289442772597953,12.745813106955465
35.4_-76.8,15,62903.67,1371640.0,Hurricane Floyd,1999,2,18051.0,63.5913,454.0896,35.4,-76.80000000000001,Beaufort,875.0,8.831337942857143,8.6925,2.356228342857143,75712.7327790974,50688.0,63750121.0,1946.0653206650832,9.805225653206652,0.968,0.0,0.0377142857142857,123.21000000000004,7.101696290885478,False,0.0458601892624887,11.04937568476559
35.4_-77.0,184,1362128.78,18213485.0,Hurricane Floyd,1999,2,18051.0,63.5913,454.0896,35.4,-77.0,Beaufort,1640.0,15.119147987804878,10.731000000000002,2.373973536585366,111025.57685009488,93108.0,175531437.0,2339.954430379747,9.776723592662872,0.9810975609756096,0.0,0.0359756097560975,123.21000000000004,13.310607905202495,False,0.07478682855038452,14.124560047495752
35.4_-77.1,49,417233.21,5941821.0,Hurricane Floyd,1999,2,18051.0,63.5913,454.0896,35.4,-77.10000000000001,Beaufort,1327.0,31.685237226827432,32.0049,2.3880018839487565,158639.60652009098,60262.0,209245641.0,2984.054586808188,10.206974981046248,0.958553127354936,0.0,0.0060286360211002,123.21000000000004,10.770229689148604,False,0.07021975417973716,12.941402997788245
35.4_-78.1,2,8125.52,270410.0,Hurricane Floyd,1999,2,18051.0,63.5913,454.0896,35.4,-78.10000000000001,Wayne,9482.0,124.98954316599873,127.45265,2.393331740139211,138094.9198919892,76810.0,1073964192.0,2790.683039732545,31.366860772895713,0.9703649019194264,0.0,0.179814385150812,123.21000000000004,76.95803912020126,False,0.03004888872452942,9.00288806662431
35.5_-76.5,4,44629.450000000004,354740.0,Hurricane Floyd,1999,2,18051.0,63.5913,454.0896,35.5,-76.5,Beaufort,49.0,3.0514102040816327,2.8291,2.371479591836734,87156.14893617021,76834.0,4096339.0,1777.5531914893618,10.063829787234043,1.0,0.0,0.0408163265306122,123.21000000000004,0.3976949922895867,False,0.12580890229463834,10.70617164047636
35.5_-76.6,28,187307.03,2120936.0,Hurricane Floyd,1999,2,18051.0,63.5913,454.0896,35.5,-76.60000000000001,Beaufort,294.0,6.439303401360544,6.8446,2.3603187074829934,57939.93525179856,21869.0,16107302.0,1336.4928057553957,7.816546762589928,0.9591836734693876,0.0,0.0544217687074829,123.21000000000004,2.3861699537375207,False,0.08831338145045395,12.140509759910408
35.5_-76.7,7,50080.6,229584.0,Hurricane Floyd,1999,2,18051.0,63.5913,454.0896,35.5,-76.7,Beaufort,2042.0,5.110162830558276,4.1800999999999995,2.3598378060724783,109865.1436605317,40580.0,214896221.0,2204.1728016359916,10.40235173824131,0.9378060724779628,0.0,0.0421155729676787,123.21000000000004,16.573330086843594,False,0.21813628127395637,10.821408954145415
35.5_-77.0,31,177376.11,3128945.0,Hurricane Floyd,1999,2,18051.0,63.5913,454.0896,35.5,-77.0,Beaufort,2357.0,26.98558413237166,30.4012,2.39552706830717,93460.66352739726,36445.0,218324110.0,2223.652397260274,10.847174657534246,0.9745439117522274,0.0,0.0089096308867204,123.21000000000004,19.12994075156237,False,0.056688791269900875,12.08603331009279
35.5_-77.1,47,994900.0499999999,5011708.0,Hurricane Floyd,1999,2,18051.0,63.5913,454.0896,35.5,-77.10000000000001,Beaufort,7901.0,15.709383483100872,11.286,2.3712238957106697,149120.64549180327,70563.5,1164334000.0,3951.7631915983607,9.958886454440004,0.9374762688267309,0.0,0.0117706619415263,123.21000000000004,64.12628845061276,False,0.19851516688522156,13.810398563959344
35.7_-77.5,6,273455.8,409193.0,Hurricane Floyd,1999,2,18051.0,63.5913,454.0896,35.7,-77.5,Edgecombe,27.0,42.97740740740741,42.84,2.3999999999999995,56030.0,27232.0,1512810.0,1673.148148148148,68.88888888888889,0.9629629629629628,0.0,0.0,123.21000000000004,0.2191380569758947,False,0.6682807379402873,12.51889893590036
35.7_-77.6,26,956002.79,1714472.0,Hurricane Floyd,1999,2,18051.0,63.5913,454.0896,35.7,-77.60000000000001,Edgecombe,679.0,69.24516936671576,80.63,2.4000000000000004,56718.85780525502,28846.0,36697101.0,1557.2132921174652,35.97784810126582,0.9779086892488954,0.0,0.0471281296023564,123.21000000000004,5.510916321727131,False,0.5576077007965135,13.770517156460826
35.7_-77.7,1,37000.0,148401.0,Hurricane Floyd,1999,2,18051.0,63.5913,454.0896,35.7,-77.7,Edgecombe,3371.0,97.83380895876596,99.04,2.4000000000000004,55245.05808236017,32085.0,179767419.0,1600.5955746773202,48.06941431670282,0.97330169089291,0.0,0.0347078018392168,123.21000000000004,27.35979222465708,False,0.24932446546856155,10.518700218288165
35.8_-77.5,38,1262523.85,2914870.0,Hurricane Floyd,1999,2,18051.0,63.5913,454.0896,35.800000000000004,-77.5,Edgecombe,1520.0,51.957539473684214,50.35,2.4,64072.506915629325,31789.0,92648845.0,2007.4917012448136,39.03412256267409,0.9013157894736842,0.0,0.0486842105263157,123.21000000000004,12.33666098530963,False,0.4331321293917053,14.048624123106258
35.8_-77.6,9,178950.43,1033573.0,Hurricane Floyd,1999,2,18051.0,63.5913,454.0896,35.800000000000004,-77.60000000000001,Edgecombe,4109.0,65.96615234850329,61.64,2.4,170311.65577566245,51592.0,662001406.0,2428.7200926164137,37.220238095238095,0.9467023606716964,0.0,0.0540277439766366,123.21000000000004,33.3495657819982,False,0.17313767871258245,12.094869707221198
35.8_-77.7,3,138408.41999999998,219557.0,Hurricane Floyd,1999,2,18051.0,63.5913,454.0896,35.800000000000004,-77.7,Edgecombe,2005.0,98.02437905236908,100.35,2.4,54019.927385892115,32339.0,104150420.0,1809.3023858921165,35.219613980177364,0.9650872817955112,0.0,0.0384039900249376,123.21000000000004,16.273029786543294,False,0.6303985753130166,11.8379713834333
35.8_-77.8,25,847069.67,14044390.0,Hurricane Floyd,1999,2,18051.0,63.5913,454.0896,35.800000000000004,-77.80000000000001,Edgecombe,2201.0,115.30985915492958,119.97,2.4000000000000004,51941.74260216064,30627.0,110583970.0,1577.911695631752,37.96812559467174,0.9745570195365744,0.0,0.0327124034529759,123.21000000000004,17.86380975570164,False,0.06031373879534818,13.649539405808884
35.9_-77.6,5,100707.76000000001,332703.0,Hurricane Floyd,1999,2,18051.0,63.5913,454.0896,35.9,-77.60000000000001,Edgecombe,4868.0,66.174324157765,67.94,2.4,92090.73709813876,56525.5,435405005.0,2917.993866328258,49.55605285592498,0.9537797863599012,0.0,0.028759244042728,123.21000000000004,39.50978005032058,False,0.3026956775262021,11.519988065985713
35.9_-77.7,26,715877.01,1751071.0,Hurricane Floyd,1999,2,18051.0,63.5913,454.0896,35.9,-77.7,Edgecombe,1298.0,86.09339753466872,87.17500000000001,2.4000000000000004,77476.90575479566,41590.0,92894810.0,1929.6630525437863,32.71838111298482,0.9476117103235748,0.0,0.0762711864406779,123.21000000000004,10.534859183507828,False,0.4088223778476144,13.481265054331985
35.9_-77.8,149,4728071.55,11650383.0,Hurricane Floyd,1999,2,18051.0,63.5913,454.0896,35.9,-77.80000000000001,Edgecombe,10233.0,103.17359914003713,106.52,2.4,92703.76492294334,46577.5,854172490.0,1864.6691990449317,52.209135399673734,0.966383269813349,0.0,0.0995797908726668,123.21000000000004,83.0533235938641,False,0.4058297096327219,15.369028182704994
35.2_-76.7,66,3315428.63,10881321.0,Hurricane Irene,2011,3,7553.0,10.3977,66.5442,35.2,-76.7,Beaufort,89.0,4.686680898876404,4.9836,2.361212359550562,111209.14942528737,51225.0,9675196.0,2129.4827586206898,9.517241379310343,0.9775280898876404,0.0,0.0224719101123595,123.21000000000004,0.7223439655872086,False,0.3046899020808227,15.014097775014466
35.2_-76.8,34,865613.5800000001,4050761.0,Hurricane Irene,2011,3,7553.0,10.3977,66.5442,35.2,-76.80000000000001,Beaufort,451.0,8.00691485587583,8.5001,2.383531707317073,183913.3317535545,27967.0,77611426.0,1747.5,9.54739336492891,0.9645232815964524,0.0,0.0643015521064301,123.21000000000004,3.6604171739306866,False,0.213691595233587,13.671195030740263
35.2_-77.5,1,11057.6,157500.0,Hurricane Irene,2011,3,7553.0,10.3977,66.5442,35.2,-77.5,Lenoir,417.0,40.46213261390887,41.5865,2.33615417266187,64298.59375,30220.0,26748215.0,1747.6225961538462,44.32512315270936,0.9592326139088728,0.0,0.0023980815347721,123.21000000000004,3.3844655466277076,False,0.07020698412698413,9.310963684785632
35.2_-77.6,3,25382.62,335592.0,Hurricane Irene,2011,3,7553.0,10.3977,66.5442,35.2,-77.60000000000001,Lenoir,9133.0,58.4259503339538,58.9891,2.321854201248221,209963.4498027181,41558.5,1915706516.0,2926.780688294607,47.74004400440044,0.937588963100843,0.0,0.0009854374247235,123.21000000000004,74.12547682817952,False,0.07563535483563374,10.141859363091099
35.3_-76.6,116,3704480.9899999998,14757575.0,Hurricane Irene,2011,3,7553.0,10.3977,66.5442,35.300000000000004,-76.60000000000001,Beaufort,53.0,6.3251622641509435,4.0691,2.380303773584906,72776.98076923077,44083.0,3784403.0,1511.326923076923,9.057692307692308,0.981132075471698,0.0,0.0188679245283018,123.21000000000004,0.430159889619349,False,0.2510223386972453,15.125053993172287
35.3_-76.7,117,4072016.74,14595958.0,Hurricane Irene,2011,3,7553.0,10.3977,66.5442,35.300000000000004,-76.7,Beaufort,482.0,4.002392531120332,3.83345,2.381682572614108,52057.79609544468,30512.0,23998644.0,1538.479392624729,10.663774403470716,0.9896265560165975,0.0,0.0435684647302904,123.21000000000004,3.9120201282363434,False,0.27898249227628635,15.219649193784539
35.3_-76.8,61,1554128.05,8957692.0,Hurricane Irene,2011,3,7553.0,10.3977,66.5442,35.300000000000004,-76.80000000000001,Beaufort,818.0,7.700108312958435,7.556649999999999,2.37438826405868,79860.23691099476,26958.0,61013221.0,3807.1832460732985,10.557591623036648,0.910757946210269,0.0,0.0660146699266503,123.21000000000004,6.639071503936367,False,0.17349648212954855,14.256425850219832
35.3_-77.0,38,427869.37,7395886.0,Hurricane Irene,2011,3,7553.0,10.3977,66.5442,35.300000000000004,-77.0,Beaufort,440.0,30.87710886363637,32.2782,2.4000034090909086,52933.54587155963,26641.0,23079026.0,2166.2522935779816,12.279816513761467,0.975,0.0,0.009090909090909,123.21000000000004,3.57113870627384,False,0.05785234791342105,12.966575554856616
35.3_-77.5,1,3175.07,116555.0,Hurricane Irene,2011,3,7553.0,10.3977,66.5442,35.300000000000004,-77.5,Lenoir,1603.0,35.16349825327511,33.8261,2.308644878353088,58720.58819836786,33190.0,93541897.0,3903.7940991839296,33.683161953727506,0.9594510293200248,0.0,0.0062383031815346,123.21000000000004,13.010307604902197,False,0.02724095920380936,8.06339986242641
35.4_-76.6,318,5834941.31,54380832.0,Hurricane Irene,2011,3,7553.0,10.3977,66.5442,35.4,-76.60000000000001,Beaufort,91.0,3.0146582417582413,2.9356,2.3746615384615386,80406.74157303371,53886.0,7156200.0,2009.4719101123596,9.752808988764045,0.978021978021978,0.0,0.0219780219780219,123.21000000000004,0.7385764142520898,False,0.10729775723181285,15.579374936764458
35.4_-76.7,92,2000261.68,14557264.0,Hurricane Irene,2011,3,7553.0,10.3977,66.5442,35.4,-76.7,Beaufort,1147.0,5.735229293809939,5.6439,2.363406887532694,66952.36756756756,41365.5,74317128.0,1806.744144144144,10.486486486486486,0.979075850043592,0.0,0.032258064516129,123.21000000000004,9.309309309309306,False,0.13740643021930493,14.508789069899876
35.4_-76.8,24,602611.02,4550605.0,Hurricane Irene,2011,3,7553.0,10.3977,66.5442,35.4,-76.80000000000001,Beaufort,875.0,8.831337942857143,8.6925,2.356228342857143,75712.7327790974,50688.0,63750121.0,1946.0653206650832,9.805225653206652,0.968,0.0,0.0377142857142857,123.21000000000004,7.101696290885478,False,0.13242437434143373,13.309028852376182
35.4_-77.0,426,6486827.64,74410485.0,Hurricane Irene,2011,3,7553.0,10.3977,66.5442,35.4,-77.0,Beaufort,1640.0,15.119147987804878,10.731000000000002,2.373973536585366,111025.57685009488,93108.0,175531437.0,2339.954430379747,9.776723592662872,0.9810975609756096,0.0,0.0359756097560975,123.21000000000004,13.310607905202495,False,0.08717625802331486,15.685284315937546
35.4_-77.1,48,848335.42,12339163.0,Hurricane Irene,2011,3,7553.0,10.3977,66.5442,35.4,-77.10000000000001,Beaufort,1327.0,31.685237226827432,32.0049,2.3880018839487565,158639.60652009098,60262.0,209245641.0,2984.054586808188,10.206974981046248,0.958553127354936,0.0,0.0060286360211002,123.21000000000004,10.770229689148604,False,0.06875145583213384,13.651032557798908
35.5_-76.5,7,64677.0,760946.0,Hurricane Irene,2011,3,7553.0,10.3977,66.5442,35.5,-76.5,Beaufort,49.0,3.0514102040816327,2.8291,2.371479591836734,87156.14893617021,76834.0,4096339.0,1777.5531914893618,10.063829787234043,1.0,0.0,0.0408163265306122,123.21000000000004,0.3976949922895867,False,0.08499551873588927,11.077176391753472
35.5_-76.6,19,211553.26,3374710.0,Hurricane Irene,2011,3,7553.0,10.3977,66.5442,35.5,-76.60000000000001,Beaufort,294.0,6.439303401360544,6.8446,2.3603187074829934,57939.93525179856,21869.0,16107302.0,1336.4928057553957,7.816546762589928,0.9591836734693876,0.0,0.0544217687074829,123.21000000000004,2.3861699537375207,False,0.06268783391758107,12.262236793028897
35.5_-76.7,4,42364.96,249961.0,Hurricane Irene,2011,3,7553.0,10.3977,66.5442,35.5,-76.7,Beaufort,2042.0,5.110162830558276,4.1800999999999995,2.3598378060724783,109865.1436605317,40580.0,214896221.0,2204.1728016359916,10.40235173824131,0.9378060724779628,0.0,0.0421155729676787,123.21000000000004,16.573330086843594,False,0.1694862798596581,10.654100488590625
35.5_-77.0,27,196735.23,3248426.0,Hurricane Irene,2011,3,7553.0,10.3977,66.5442,35.5,-77.0,Beaufort,2357.0,26.98558413237166,30.4012,2.39552706830717,93460.66352739726,36445.0,218324110.0,2223.652397260274,10.847174657534246,0.9745439117522274,0.0,0.0089096308867204,123.21000000000004,19.12994075156237,False,0.06056324817003682,12.189619176536905
35.5_-77.1,25,273364.15,6864291.0,Hurricane Irene,2011,3,7553.0,10.3977,66.5442,35.5,-77.10000000000001,Beaufort,7901.0,15.709383483100872,11.286,2.3712238957106697,149120.64549180327,70563.5,1164334000.0,3951.7631915983607,9.958886454440004,0.9374762688267309,0.0,0.0117706619415263,123.21000000000004,64.12628845061276,False,0.03982409108238564,12.518563726237112
35.7_-77.6,1,4425.27,143488.0,Hurricane Irene,2011,3,7553.0,10.3977,66.5442,35.7,-77.60000000000001,Edgecombe,679.0,69.24516936671576,80.63,2.4000000000000004,56718.85780525502,28846.0,36697101.0,1557.2132921174652,35.97784810126582,0.9779086892488954,0.0,0.0471281296023564,123.21000000000004,5.510916321727131,False,0.03084069747992864,8.395312521913505
35.7_-77.7,1,499.24,86664.0,Hurricane Irene,2011,3,7553.0,10.3977,66.5442,35.7,-77.7,Edgecombe,3371.0,97.83380895876596,99.04,2.4000000000000004,55245.05808236017,32085.0,179767419.0,1600.5955746773202,48.06941431670282,0.97330169089291,0.0,0.0347078018392168,123.21000000000004,27.35979222465708,False,0.005760638788885812,6.215087983259043
35.8_-77.8,1,9692.52,77123.0,Hurricane Irene,2011,3,7553.0,10.3977,66.5442,35.800000000000004,-77.80000000000001,Edgecombe,2201.0,115.30985915492958,119.97,2.4000000000000004,51941.74260216064,30627.0,110583970.0,1577.911695631752,37.96812559467174,0.9745570195365744,0.0,0.0327124034529759,123.21000000000004,17.86380975570164,False,0.12567612774399337,9.179212900015386
35.9_-77.8,1,1465.19,98536.0,Hurricane Irene,2011,3,7553.0,10.3977,66.5442,35.9,-77.80000000000001,Edgecombe,10233.0,103.17359914003713,106.52,2.4,92703.76492294334,46577.5,854172490.0,1864.6691990449317,52.209135399673734,0.966383269813349,0.0,0.0995797908726668,123.21000000000004,83.0533235938641,False,0.014869590809450354,7.290422478414297
34.5_-79.0,1,1340.0,54450.0,Hurricane Fran,1996,4,11818.0,23.751,60.3927,34.5,-79.0,Robeson,2906.0,117.869441431521,116.93055,2.399989236063317,135171.56743704726,35338.0,391862374.0,1925.3932390479476,26.126648160999306,0.9786648313833448,0.0,0.0024088093599449,123.21000000000004,23.58574791007223,False,0.024609733700642792,7.201170883281678
34.8_-79.1,1,17324.8,54675.0,Hurricane Fran,1996,4,11818.0,23.751,60.3927,34.800000000000004,-79.10000000000001,Robeson,3156.0,186.47435180608363,185.9812,2.3946076140684407,185430.90721321895,43897.0,583551065.0,2406.1242453129967,27.634208840486867,0.9813054499366286,0.0,0.0028517110266159,123.21000000000004,25.614803993182363,False,0.3168687700045725,9.759951999038199
35.2_-76.7,1,2562.04,56210.0,Hurricane Fran,1996,4,11818.0,23.751,60.3927,35.2,-76.7,Beaufort,89.0,4.686680898876404,4.9836,2.361212359550562,111209.14942528737,51225.0,9675196.0,2129.4827586206898,9.517241379310343,0.9775280898876404,0.0,0.0224719101123595,123.21000000000004,0.7223439655872086,False,0.04557979007294076,7.848949332953174
35.2_-76.8,3,22681.1,133925.0,Hurricane Fran,1996,4,11818.0,23.751,60.3927,35.2,-76.80000000000001,Beaufort,451.0,8.00691485587583,8.5001,2.383531707317073,183913.3317535545,27967.0,77611426.0,1747.5,9.54739336492891,0.9645232815964524,0.0,0.0643015521064301,123.21000000000004,3.6604171739306866,False,0.169356729512787,10.02933134614785
35.2_-77.5,6,52390.87,376068.0,Hurricane Fran,1996,4,11818.0,23.751,60.3927,35.2,-77.5,Lenoir,417.0,40.46213261390887,41.5865,2.33615417266187,64298.59375,30220.0,26748215.0,1747.6225961538462,44.32512315270936,0.9592326139088728,0.0,0.0023980815347721,123.21000000000004,3.3844655466277076,False,0.1393122254485891,10.866506705599956
35.2_-77.6,40,562211.45,2638772.0,Hurricane Fran,1996,4,11818.0,23.751,60.3927,35.2,-77.60000000000001,Lenoir,9133.0,58.4259503339538,58.9891,2.321854201248221,209963.4498027181,41558.5,1915706516.0,2926.780688294607,47.74004400440044,0.937588963100843,0.0,0.0009854374247235,123.21000000000004,74.12547682817952,False,0.21305798682114255,13.239635082353445
35.2_-77.8,4,33728.48,316220.0,Hurricane Fran,1996,4,11818.0,23.751,60.3927,35.2,-77.80000000000001,Lenoir,2233.0,78.2304775638155,82.5002,2.3755544961934616,192752.37078651684,41535.0,428874025.0,1927.5177528089887,32.63628034814475,0.948499776085983,0.0,0.0035826242722794,123.21000000000004,18.12352893433974,False,0.10666143823920057,10.426127511393723
35.2_-78.0,21,194409.82,1325574.0,Hurricane Fran,1996,4,11818.0,23.751,60.3927,35.2,-78.0,Wayne,4200.0,143.66165402380952,158.0115,2.3973438595238097,64079.99552105106,23215.0,214603905.0,1838.9038518960883,36.98557692307692,0.9411904761904762,0.0,0.2026190476190476,123.21000000000004,34.088142196250296,False,0.14666085786232982,12.177728827895816
35.2_-78.1,2,26322.58,64400.0,Hurricane Fran,1996,4,11818.0,23.751,60.3927,35.2,-78.10000000000001,Wayne,7332.0,166.38124624931808,166.4448,2.4002565630114563,85328.7688307331,33063.0,508644791.0,3017.7049152826708,42.85890087660148,0.9614020731042008,0.0,0.1869885433715221,123.21000000000004,59.508156805454085,False,0.4087357142857143,10.178220394426694
35.2_-78.2,1,2332.61,40014.0,Hurricane Fran,1996,4,11818.0,23.751,60.3927,35.2,-78.2,Wayne,2579.0,150.16305385808454,154.8693,2.3941217603722373,75577.74122601778,31390.0,161509633.0,2164.915301824988,47.208548614372944,0.9061651803024428,0.0,0.1713842574641333,123.21000000000004,20.93174255336417,False,0.05829484680361874,7.755171703768876
35.3_-76.6,26,265361.95,1922180.0,Hurricane Fran,1996,4,11818.0,23.751,60.3927,35.300000000000004,-76.60000000000001,Beaufort,53.0,6.3251622641509435,4.0691,2.380303773584906,72776.98076923077,44083.0,3784403.0,1511.326923076923,9.057692307692308,0.981132075471698,0.0,0.0188679245283018,123.21000000000004,0.430159889619349,False,0.1380526017334485,12.488853790532309
35.3_-76.7,16,140528.9,921656.0,Hurricane Fran,1996,4,11818.0,23.751,60.3927,35.300000000000004,-76.7,Beaufort,482.0,4.002392531120332,3.83345,2.381682572614108,52057.79609544468,30512.0,23998644.0,1538.479392624729,10.663774403470716,0.9896265560165975,0.0,0.0435684647302904,123.21000000000004,3.9120201282363434,False,0.15247435051689567,11.853175556502707
35.3_-76.8,27,166734.48,2202310.0,Hurricane Fran,1996,4,11818.0,23.751,60.3927,35.300000000000004,-76.80000000000001,Beaufort,818.0,7.700108312958435,7.556649999999999,2.37438826405868,79860.23691099476,26958.0,61013221.0,3807.1832460732985,10.557591623036648,0.910757946210269,0.0,0.0660146699266503,123.21000000000004,6.639071503936367,False,0.07570890564906849,12.024163883524725
35.3_-77.0,12,94927.32,794953.0,Hurricane Fran,1996,4,11818.0,23.751,60.3927,35.300000000000004,-77.0,Beaufort,440.0,30.87710886363637,32.2782,2.4000034090909086,52933.54587155963,26641.0,23079026.0,2166.2522935779816,12.279816513761467,0.975,0.0,0.009090909090909,123.21000000000004,3.57113870627384,False,0.1194124935688022,11.46087735946864
35.3_-78.0,26,448258.87,2009114.0,Hurricane Fran,1996,4,11818.0,23.751,60.3927,35.300000000000004,-78.0,Wayne,19183.0,108.15972315591932,110.286,2.374328006047021,188014.373758559,65918.0,3047901013.0,3733.365060761212,48.13562375745527,0.9383829432309858,0.0,0.1549288432466246,123.21000000000004,155.693531369207,False,0.22311271037880379,13.013128410187598
35.3_-78.1,1,27814.54,72500.0,Hurricane Fran,1996,4,11818.0,23.751,60.3927,35.300000000000004,-78.10000000000001,Wayne,8618.0,122.15275300533769,119.0896,2.3352109352517982,135398.87072997875,37060.0,955239033.0,3095.2269312544295,38.47515306848925,0.9556741703411464,0.0,0.1813645857507542,123.21000000000004,69.94562129697263,False,0.3836488275862069,10.233350136306205
35.4_-76.6,247,3335980.06,17687916.0,Hurricane Fran,1996,4,11818.0,23.751,60.3927,35.4,-76.60000000000001,Beaufort,91.0,3.0146582417582413,2.9356,2.3746615384615386,80406.74157303371,53886.0,7156200.0,2009.4719101123596,9.752808988764045,0.978021978021978,0.0,0.0219780219780219,123.21000000000004,0.7385764142520898,False,0.18860221068440172,15.020277364986624
35.4_-76.7,27,286912.96,2172184.0,Hurricane Fran,1996,4,11818.0,23.751,60.3927,35.4,-76.7,Beaufort,1147.0,5.735229293809939,5.6439,2.363406887532694,66952.36756756756,41365.5,74317128.0,1806.744144144144,10.486486486486486,0.979075850043592,0.0,0.032258064516129,123.21000000000004,9.309309309309306,False,0.13208501673891349,12.566937658854705
35.4_-76.8,21,173815.1,1780288.0,Hurricane Fran,1996,4,11818.0,23.751,60.3927,35.4,-76.80000000000001,Beaufort,875.0,8.831337942857143,8.6925,2.356228342857143,75712.7327790974,50688.0,63750121.0,1946.0653206650832,9.805225653206652,0.968,0.0,0.0377142857142857,123.21000000000004,7.101696290885478,False,0.09763313576230363,12.065753122735941
35.4_-77.0,377,5688425.22,70819426.0,Hurricane Fran,1996,4,11818.0,23.751,60.3927,35.4,-77.0,Beaufort,1640.0,15.119147987804878,10.731000000000002,2.373973536585366,111025.57685009488,93108.0,175531437.0,2339.954430379747,9.776723592662872,0.9810975609756096,0.0,0.0359756097560975,123.21000000000004,13.310607905202495,False,0.08032295008999367,15.553944180850548
35.4_-77.1,80,1197776.92,312618345.0,Hurricane Fran,1996,4,11818.0,23.751,60.3927,35.4,-77.10000000000001,Beaufort,1327.0,31.685237226827432,32.0049,2.3880018839487565,158639.60652009098,60262.0,209245641.0,2984.054586808188,10.206974981046248,0.958553127354936,0.0,0.0060286360211002,123.21000000000004,10.770229689148604,False,0.003831435164177585,13.995978664847303
35.5_-76.5,3,16735.84,202618.0,Hurricane Fran,1996,4,11818.0,23.751,60.3927,35.5,-76.5,Beaufort,49.0,3.0514102040816327,2.8291,2.371479591836734,87156.14893617021,76834.0,4096339.0,1777.5531914893618,10.063829787234043,1.0,0.0,0.0408163265306122,123.21000000000004,0.3976949922895867,False,0.08259799228104117,9.725367556809703
35.5_-76.6,21,281638.95,1453811.0,Hurricane Fran,1996,4,11818.0,23.751,60.3927,35.5,-76.60000000000001,Beaufort,294.0,6.439303401360544,6.8446,2.3603187074829934,57939.93525179856,21869.0,16107302.0,1336.4928057553957,7.816546762589928,0.9591836734693876,0.0,0.0544217687074829,123.21000000000004,2.3861699537375207,False,0.19372459693866673,12.548384761101453
35.5_-76.7,3,20581.82,127674.0,Hurricane Fran,1996,4,11818.0,23.751,60.3927,35.5,-76.7,Beaufort,2042.0,5.110162830558276,4.1800999999999995,2.3598378060724783,109865.1436605317,40580.0,214896221.0,2204.1728016359916,10.40235173824131,0.9378060724779628,0.0,0.0421155729676787,123.21000000000004,16.573330086843594,False,0.16120604038410327,9.93221202623987
35.5_-77.0,24,250454.34,2457821.0,Hurricane Fran,1996,4,11818.0,23.751,60.3927,35.5,-77.0,Beaufort,2357.0,26.98558413237166,30.4012,2.39552706830717,93460.66352739726,36445.0,218324110.0,2223.652397260274,10.847174657534246,0.9745439117522274,0.0,0.0089096308867204,123.21000000000004,19.12994075156237,False,0.10190096837808775,12.431035900179543
35.5_-77.1,12,108671.09,1239932.0,Hurricane Fran,1996,4,11818.0,23.751,60.3927,35.5,-77.10000000000001,Beaufort,7901.0,15.709383483100872,11.286,2.3712238957106697,149120.64549180327,70563.5,1164334000.0,3951.7631915983607,9.958886454440004,0.9374762688267309,0.0,0.0117706619415263,123.21000000000004,64.12628845061276,False,0.08764278202353032,11.596090278410834
35.8_-77.7,1,1170.0,107000.0,Hurricane Fran,1996,4,11818.0,23.751,60.3927,35.800000000000004,-77.7,Edgecombe,2005.0,98.02437905236908,100.35,2.4,54019.927385892115,32339.0,104150420.0,1809.3023858921165,35.219613980177364,0.9650872817955112,0.0,0.0384039900249376,123.21000000000004,16.273029786543294,False,0.010934579439252336,7.065613363597717
35.8_-77.8,3,21898.57,102930.0,Hurricane Fran,1996,4,11818.0,23.751,60.3927,35.800000000000004,-77.80000000000001,Edgecombe,2201.0,115.30985915492958,119.97,2.4000000000000004,51941.74260216064,30627.0,110583970.0,1577.911695631752,37.96812559467174,0.9745570195365744,0.0,0.0327124034529759,123.21000000000004,17.86380975570164,False,0.21275206450986106,9.994222280908632
35.9_-77.7,5,16263.34,268002.0,Hurricane Fran,1996,4,11818.0,23.751,60.3927,35.9,-77.7,Edgecombe,1298.0,86.09339753466872,87.17500000000001,2.4000000000000004,77476.90575479566,41590.0,92894810.0,1929.6630525437863,32.71838111298482,0.9476117103235748,0.0,0.0762711864406779,123.21000000000004,10.534859183507828,False,0.06068365161454019,9.696730260156079
35.9_-77.8,7,22792.58,648053.0,Hurricane Fran,1996,4,11818.0,23.751,60.3927,35.9,-77.80000000000001,Edgecombe,10233.0,103.17359914003713,106.52,2.4,92703.76492294334,46577.5,854172490.0,1864.6691990449317,52.209135399673734,0.966383269813349,0.0,0.0995797908726668,123.21000000000004,83.0533235938641,False,0.03517085793908832,10.034234196344368
35.2_-76.7,5,28502.5,588850.0,Hurricane Isabel,2003,6,7739.0,27.4482,1052.9424,35.2,-76.7,Beaufort,89.0,4.686680898876404,4.9836,2.361212359550562,111209.14942528737,51225.0,9675196.0,2129.4827586206898,9.517241379310343,0.9775280898876404,0.0,0.0224719101123595,123.21000000000004,0.7223439655872086,False,0.04840366816676573,10.257782165734122
35.2_-76.8,1,1689.38,32783.0,Hurricane Isabel,2003,6,7739.0,27.4482,1052.9424,35.2,-76.80000000000001,Beaufort,451.0,8.00691485587583,8.5001,2.383531707317073,183913.3317535545,27967.0,77611426.0,1747.5,9.54739336492891,0.9645232815964524,0.0,0.0643015521064301,123.21000000000004,3.6604171739306866,False,0.05153219656529299,7.432708634712687
35.3_-76.6,70,679967.2999999999,4712883.0,Hurricane Isabel,2003,6,7739.0,27.4482,1052.9424,35.300000000000004,-76.60000000000001,Beaufort,53.0,6.3251622641509435,4.0691,2.380303773584906,72776.98076923077,44083.0,3784403.0,1511.326923076923,9.057692307692308,0.981132075471698,0.0,0.0188679245283018,123.21000000000004,0.430159889619349,False,0.14427841726603438,13.429801458418595
35.3_-76.7,32,243521.23,2338998.0,Hurricane Isabel,2003,6,7739.0,27.4482,1052.9424,35.300000000000004,-76.7,Beaufort,482.0,4.002392531120332,3.83345,2.381682572614108,52057.79609544468,30512.0,23998644.0,1538.479392624729,10.663774403470716,0.9896265560165975,0.0,0.0435684647302904,123.21000000000004,3.9120201282363434,False,0.10411348363701038,12.402963510972269
35.3_-76.8,13,47095.44,1108201.0,Hurricane Isabel,2003,6,7739.0,27.4482,1052.9424,35.300000000000004,-76.80000000000001,Beaufort,818.0,7.700108312958435,7.556649999999999,2.37438826405868,79860.23691099476,26958.0,61013221.0,3807.1832460732985,10.557591623036648,0.910757946210269,0.0,0.0660146699266503,123.21000000000004,6.639071503936367,False,0.042497200417613776,10.759952693283786
35.3_-77.0,2,12959.14,181869.0,Hurricane Isabel,2003,6,7739.0,27.4482,1052.9424,35.300000000000004,-77.0,Beaufort,440.0,30.87710886363637,32.2782,2.4000034090909086,52933.54587155963,26641.0,23079026.0,2166.2522935779816,12.279816513761467,0.975,0.0,0.009090909090909,123.21000000000004,3.57113870627384,False,0.07125535412852108,9.469633772317055
35.4_-76.6,243,1812116.66,30136685.0,Hurricane Isabel,2003,6,7739.0,27.4482,1052.9424,35.4,-76.60000000000001,Beaufort,91.0,3.0146582417582413,2.9356,2.3746615384615386,80406.74157303371,53886.0,7156200.0,2009.4719101123596,9.752808988764045,0.978021978021978,0.0,0.0219780219780219,123.21000000000004,0.7385764142520898,False,0.0601299266989717,14.41000669725179
35.4_-76.7,47,317088.42,4990484.0,Hurricane Isabel,2003,6,7739.0,27.4482,1052.9424,35.4,-76.7,Beaufort,1147.0,5.735229293809939,5.6439,2.363406887532694,66952.36756756756,41365.5,74317128.0,1806.744144144144,10.486486486486486,0.979075850043592,0.0,0.032258064516129,123.21000000000004,9.309309309309306,False,0.06353861068385351,12.666939095100693
35.4_-76.8,5,17358.06,439976.0,Hurricane Isabel,2003,6,7739.0,27.4482,1052.9424,35.4,-76.80000000000001,Beaufort,875.0,8.831337942857143,8.6925,2.356228342857143,75712.7327790974,50688.0,63750121.0,1946.0653206650832,9.805225653206652,0.968,0.0,0.0377142857142857,123.21000000000004,7.101696290885478,False,0.03945228830663491,9.761869839282877
35.4_-77.0,125,687541.23,12114389.0,Hurricane Isabel,2003,6,7739.0,27.4482,1052.9424,35.4,-77.0,Beaufort,1640.0,15.119147987804878,10.731000000000002,2.373973536585366,111025.57685009488,93108.0,175531437.0,2339.954430379747,9.776723592662872,0.9810975609756096,0.0,0.0359756097560975,123.21000000000004,13.310607905202495,False,0.05675409878286061,13.440878532090943
35.4_-77.1,13,88455.98,1703023.0,Hurricane Isabel,2003,6,7739.0,27.4482,1052.9424,35.4,-77.10000000000001,Beaufort,1327.0,31.685237226827432,32.0049,2.3880018839487565,158639.60652009098,60262.0,209245641.0,2984.054586808188,10.206974981046248,0.958553127354936,0.0,0.0060286360211002,123.21000000000004,10.770229689148604,False,0.0519405668625732,11.390271611115375
35.5_-76.5,7,40170.41,570709.0,Hurricane Isabel,2003,6,7739.0,27.4482,1052.9424,35.5,-76.5,Beaufort,49.0,3.0514102040816327,2.8291,2.371479591836734,87156.14893617021,76834.0,4096339.0,1777.5531914893618,10.063829787234043,1.0,0.0,0.0408163265306122,123.21000000000004,0.3976949922895867,False,0.07038685214356179,10.600910827558817
35.5_-76.6,15,72829.81,6930442.0,Hurricane Isabel,2003,6,7739.0,27.4482,1052.9424,35.5,-76.60000000000001,Beaufort,294.0,6.439303401360544,6.8446,2.3603187074829934,57939.93525179856,21869.0,16107302.0,1336.4928057553957,7.816546762589928,0.9591836734693876,0.0,0.0544217687074829,123.21000000000004,2.3861699537375207,False,0.010508681841648772,11.195894358940585
35.5_-76.7,4,34005.76,203188.0,Hurricane Isabel,2003,6,7739.0,27.4482,1052.9424,35.5,-76.7,Beaufort,2042.0,5.110162830558276,4.1800999999999995,2.3598378060724783,109865.1436605317,40580.0,214896221.0,2204.1728016359916,10.40235173824131,0.9378060724779628,0.0,0.0421155729676787,123.21000000000004,16.573330086843594,False,0.167361064629801,10.434314607364932
35.5_-77.0,1,5943.14,294570.0,Hurricane Isabel,2003,6,7739.0,27.4482,1052.9424,35.5,-77.0,Beaufort,2357.0,26.98558413237166,30.4012,2.39552706830717,93460.66352739726,36445.0,218324110.0,2223.652397260274,10.847174657534246,0.9745439117522274,0.0,0.0089096308867204,123.21000000000004,19.12994075156237,False,0.02017564585667244,8.690161139283077
35.5_-77.1,5,53193.21,1260657.0,Hurricane Isabel,2003,6,7739.0,27.4482,1052.9424,35.5,-77.10000000000001,Beaufort,7901.0,15.709383483100872,11.286,2.3712238957106697,149120.64549180327,70563.5,1164334000.0,3951.7631915983607,9.958886454440004,0.9374762688267309,0.0,0.0117706619415263,123.21000000000004,64.12628845061276,False,0.04219483174249617,10.881704834820356
35.7_-77.1,1,26483.5,100962.0,Hurricane Isabel,2003,6,7739.0,27.4482,1052.9424,35.7,-77.10000000000001,Beaufort,22.0,58.60473636363636,58.793400000000005,2.4000000000000012,30175.52380952381,17388.0,633686.0,1319.857142857143,12.714285714285714,1.0,0.0,0.0454545454545454,123.21000000000004,0.178556935313692,False,0.2623115627661893,10.184314935189889
35.8_-77.5,1,2733.91,81667.0,Hurricane Isabel,2003,6,7739.0,27.4482,1052.9424,35.800000000000004,-77.5,Edgecombe,1520.0,51.957539473684214,50.35,2.4,64072.506915629325,31789.0,92648845.0,2007.4917012448136,39.03412256267409,0.9013157894736842,0.0,0.0486842105263157,123.21000000000004,12.33666098530963,False,0.03347631234158228,7.913853807550474
35.8_-77.6,1,814.39,200000.0,Hurricane Isabel,2003,6,7739.0,27.4482,1052.9424,35.800000000000004,-77.60000000000001,Edgecombe,4109.0,65.96615234850329,61.64,2.4,170311.65577566245,51592.0,662001406.0,2428.7200926164137,37.220238095238095,0.9467023606716964,0.0,0.0540277439766366,123.21000000000004,33.3495657819982,False,0.0040719499999999995,6.703666526390402
35.9_-77.8,2,3414.08,151215.0,Hurricane Isabel,2003,6,7739.0,27.4482,1052.9424,35.9,-77.80000000000001,Edgecombe,10233.0,103.17359914003713,106.52,2.4,92703.76492294334,46577.5,854172490.0,1864.6691990449317,52.209135399673734,0.966383269813349,0.0,0.0995797908726668,123.21000000000004,83.0533235938641,False,0.022577654333234137,8.135956197791998
35.2_-76.7,4,21820.5,363558.0,Hurricane Bonnie,1998,7,1541.0,1.4562,3.3174,35.2,-76.7,Beaufort,89.0,4.686680898876404,4.9836,2.361212359550562,111209.14942528737,51225.0,9675196.0,2129.4827586206898,9.517241379310343,0.9775280898876404,0.0,0.0224719101123595,123.21000000000004,0.7223439655872086,False,0.060019309161124225,9.990651001295593
35.2_-76.8,1,3529.63,55934.0,Hurricane Bonnie,1998,7,1541.0,1.4562,3.3174,35.2,-76.80000000000001,Beaufort,451.0,8.00691485587583,8.5001,2.383531707317073,183913.3317535545,27967.0,77611426.0,1747.5,9.54739336492891,0.9645232815964524,0.0,0.0643015521064301,123.21000000000004,3.6604171739306866,False,0.06310347910036829,8.169231604258378
35.2_-77.6,1,2443.21,111802.0,Hurricane Bonnie,1998,7,1541.0,1.4562,3.3174,35.2,-77.60000000000001,Lenoir,9133.0,58.4259503339538,58.9891,2.321854201248221,209963.4498027181,41558.5,1915706516.0,2926.780688294607,47.74004400440044,0.937588963100843,0.0,0.0009854374247235,123.21000000000004,74.12547682817952,False,0.021853007996279136,7.801477241313753
35.2_-78.1,1,2821.26,76544.0,Hurricane Bonnie,1998,7,1541.0,1.4562,3.3174,35.2,-78.10000000000001,Wayne,7332.0,166.38124624931808,166.4448,2.4002565630114563,85328.7688307331,33063.0,508644791.0,3017.7049152826708,42.85890087660148,0.9614020731042008,0.0,0.1869885433715221,123.21000000000004,59.508156805454085,False,0.03685801630434783,7.945293261407591
35.3_-76.6,48,344486.67,3232992.0,Hurricane Bonnie,1998,7,1541.0,1.4562,3.3174,35.300000000000004,-76.60000000000001,Beaufort,53.0,6.3251622641509435,4.0691,2.380303773584906,72776.98076923077,44083.0,3784403.0,1511.326923076923,9.057692307692308,0.981132075471698,0.0,0.0188679245283018,123.21000000000004,0.430159889619349,False,0.1065535176084568,12.749813577793885
35.3_-76.7,18,119623.25,1314060.0,Hurricane Bonnie,1998,7,1541.0,1.4562,3.3174,35.300000000000004,-76.7,Beaufort,482.0,4.002392531120332,3.83345,2.381682572614108,52057.79609544468,30512.0,23998644.0,1538.479392624729,10.663774403470716,0.9896265560165975,0.0,0.0435684647302904,123.21000000000004,3.9120201282363434,False,0.09103332420133023,11.692110859143124
35.3_-76.8,21,103330.79000000001,1696536.0,Hurricane Bonnie,1998,7,1541.0,1.4562,3.3174,35.300000000000004,-76.80000000000001,Beaufort,818.0,7.700108312958435,7.556649999999999,2.37438826405868,79860.23691099476,26958.0,61013221.0,3807.1832460732985,10.557591623036648,0.910757946210269,0.0,0.0660146699266503,123.21000000000004,6.639071503936367,False,0.060906924462551935,11.545700352197812
35.3_-77.0,9,103439.85,489290.0,Hurricane Bonnie,1998,7,1541.0,1.4562,3.3174,35.300000000000004,-77.0,Beaufort,440.0,30.87710886363637,32.2782,2.4000034090909086,52933.54587155963,26641.0,23079026.0,2166.2522935779816,12.279816513761467,0.975,0.0,0.009090909090909,123.21000000000004,3.57113870627384,False,0.21140806065932272,11.54675523073603
35.4_-76.6,323,2177295.22,1379379132.0,Hurricane Bonnie,1998,7,1541.0,1.4562,3.3174,35.4,-76.60000000000001,Beaufort,91.0,3.0146582417582413,2.9356,2.3746615384615386,80406.74157303371,53886.0,7156200.0,2009.4719101123596,9.752808988764045,0.978021978021978,0.0,0.0219780219780219,123.21000000000004,0.7385764142520898,False,0.00157846031557914,14.59359439894374
35.4_-76.7,40,230969.01,3520418.0,Hurricane Bonnie,1998,7,1541.0,1.4562,3.3174,35.4,-76.7,Beaufort,1147.0,5.735229293809939,5.6439,2.363406887532694,66952.36756756756,41365.5,74317128.0,1806.744144144144,10.486486486486486,0.979075850043592,0.0,0.032258064516129,123.21000000000004,9.309309309309306,False,0.0656084050246306,12.35004315423587
35.4_-76.8,19,65732.04,1494906.0,Hurricane Bonnie,1998,7,1541.0,1.4562,3.3174,35.4,-76.80000000000001,Beaufort,875.0,8.831337942857143,8.6925,2.356228342857143,75712.7327790974,50688.0,63750121.0,1946.0653206650832,9.805225653206652,0.968,0.0,0.0377142857142857,123.21000000000004,7.101696290885478,False,0.04397068444437309,11.093356969997961
35.4_-77.0,366,3320240.77,38745955.0,Hurricane Bonnie,1998,7,1541.0,1.4562,3.3174,35.4,-77.0,Beaufort,1640.0,15.119147987804878,10.731000000000002,2.373973536585366,111025.57685009488,93108.0,175531437.0,2339.954430379747,9.776723592662872,0.9810975609756096,0.0,0.0359756097560975,123.21000000000004,13.310607905202495,False,0.08569257797362331,15.015548160530413
35.4_-77.1,62,775979.62,7794635.0,Hurricane Bonnie,1998,7,1541.0,1.4562,3.3174,35.4,-77.10000000000001,Beaufort,1327.0,31.685237226827432,32.0049,2.3880018839487565,158639.60652009098,60262.0,209245641.0,2984.054586808188,10.206974981046248,0.958553127354936,0.0,0.0060286360211002,123.21000000000004,10.770229689148604,False,0.09955304129058,13.561882824626691
35.5_-76.5,5,29462.61,418752.0,Hurricane Bonnie,1998,7,1541.0,1.4562,3.3174,35.5,-76.5,Beaufort,49.0,3.0514102040816327,2.8291,2.371479591836734,87156.14893617021,76834.0,4096339.0,1777.5531914893618,10.063829787234043,1.0,0.0,0.0408163265306122,123.21000000000004,0.3976949922895867,False,0.07035813560293444,10.290911221545308
35.5_-76.6,17,70586.17,1178900.0,Hurricane Bonnie,1998,7,1541.0,1.4562,3.3174,35.5,-76.60000000000001,Beaufort,294.0,6.439303401360544,6.8446,2.3603187074829934,57939.93525179856,21869.0,16107302.0,1336.4928057553957,7.816546762589928,0.9591836734693876,0.0,0.0544217687074829,123.21000000000004,2.3861699537375207,False,0.05987460344388837,11.164603678921466
35.5_-76.7,4,16104.760000000002,169212.0,Hurricane Bonnie,1998,7,1541.0,1.4562,3.3174,35.5,-76.7,Beaufort,2042.0,5.110162830558276,4.1800999999999995,2.3598378060724783,109865.1436605317,40580.0,214896221.0,2204.1728016359916,10.40235173824131,0.9378060724779628,0.0,0.0421155729676787,123.21000000000004,16.573330086843594,False,0.09517504668699621,9.68693225096544
35.5_-77.0,12,63563.14,1867285.0,Hurricane Bonnie,1998,7,1541.0,1.4562,3.3174,35.5,-77.0,Beaufort,2357.0,26.98558413237166,30.4012,2.39552706830717,93460.66352739726,36445.0,218324110.0,2223.652397260274,10.847174657534246,0.9745439117522274,0.0,0.0089096308867204,123.21000000000004,19.12994075156237,False,0.034040406258284084,11.059804753834664
35.5_-77.1,6,57858.05,572366.0,Hurricane Bonnie,1998,7,1541.0,1.4562,3.3174,35.5,-77.10000000000001,Beaufort,7901.0,15.709383483100872,11.286,2.3712238957106697,149120.64549180327,70563.5,1164334000.0,3951.7631915983607,9.958886454440004,0.9374762688267309,0.0,0.0117706619415263,123.21000000000004,64.12628845061276,False,0.10108575631676235,10.96576515945306
35.8_-77.8,1,7131.9,48770.0,Hurricane Bonnie,1998,7,1541.0,1.4562,3.3174,35.800000000000004,-77.80000000000001,Edgecombe,2201.0,115.30985915492958,119.97,2.4000000000000004,51941.74260216064,30627.0,110583970.0,1577.911695631752,37.96812559467174,0.9745570195365744,0.0,0.0327124034529759,123.21000000000004,17.86380975570164,False,0.14623539060898091,8.872473162833067
